X1,X2
plate11.A11.pilon.contigs_renamed.phages_combined.fna,15936
plate11.A12.pilon.contigs_renamed.phages_combined.fna,15420
plate11.A1.pilon.contigs_renamed.phages_combined.fna,15661
plate11.A3.pilon.contigs_renamed.phages_combined.fna,15595
plate11.A5.pilon.contigs_renamed.phages_combined.fna,15841
plate11.A7.pilon.contigs_renamed.phages_combined.fna,15935
plate11.A8.pilon.contigs_renamed.phages_combined.fna,15595
plate11.A9.pilon.contigs_renamed.phages_combined.fna,15990
plate11.B11.pilon.contigs_renamed.phages_combined.fna,15689
plate11.B1.pilon.contigs_renamed.phages_combined.fna,15841
plate11.B2.pilon.contigs_renamed.phages_combined.fna,15841
plate11.B8.pilon.contigs_renamed.phages_combined.fna,15936
plate11.B9.pilon.contigs_renamed.phages_combined.fna,15595
plate11.C10.pilon.contigs_renamed.phages_combined.fna,15595
plate11.C11.pilon.contigs_renamed.phages_combined.fna,15689
plate11.C1.pilon.contigs_renamed.phages_combined.fna,15841
plate11.C2.pilon.contigs_renamed.phages_combined.fna,15841
plate11.C4.pilon.contigs_renamed.phages_combined.fna,15420
plate11.D6.pilon.contigs_renamed.phages_combined.fna,15689
plate11.D9.pilon.contigs_renamed.phages_combined.fna,15689
plate11.E10.pilon.contigs_renamed.phages_combined.fna,15595
plate11.E6.pilon.contigs_renamed.phages_combined.fna,15689
plate11.E7.pilon.contigs_renamed.phages_combined.fna,15689
plate11.E8.pilon.contigs_renamed.phages_combined.fna,15689
plate11.F10.pilon.contigs_renamed.phages_combined.fna,15936
plate11.F1.pilon.contigs_renamed.phages_combined.fna,15452
plate11.F3.pilon.contigs_renamed.phages_combined.fna,15936
plate11.F6.pilon.contigs_renamed.phages_combined.fna,15936
plate11.F8.pilon.contigs_renamed.phages_combined.fna,15936
plate11.G2.pilon.contigs_renamed.phages_combined.fna,1570
plate11.G4.pilon.contigs_renamed.phages_combined.fna,15669
plate11.G7.pilon.contigs_renamed.phages_combined.fna,15662
plate11.G8.pilon.contigs_renamed.phages_combined.fna,15567
plate11.H12.pilon.contigs_renamed.phages_combined.fna,15669
plate11.H7.pilon.contigs_renamed.phages_combined.fna,15662
plate11.H8.pilon.contigs_renamed.phages_combined.fna,15567
plate11.H9.pilon.contigs_renamed.phages_combined.fna,15662
plate12.A10.pilon.contigs_renamed.phages_combined.fna,15944
plate12.A11.pilon.contigs_renamed.phages_combined.fna,15935
plate12.A2.pilon.contigs_renamed.phages_combined.fna,15936
plate12.A8.pilon.contigs_renamed.phages_combined.fna,15850
plate12.B10.pilon.contigs_renamed.phages_combined.fna,15944
plate12.B11.pilon.contigs_renamed.phages_combined.fna,15935
plate12.B1.pilon.contigs_renamed.phages_combined.fna,15936
plate12.B2.pilon.contigs_renamed.phages_combined.fna,15936
plate12.B3.pilon.contigs_renamed.phages_combined.fna,15841
plate12.C11.pilon.contigs_renamed.phages_combined.fna,15974
plate12.C2.pilon.contigs_renamed.phages_combined.fna,15689
plate12.C5.pilon.contigs_renamed.phages_combined.fna,15595
plate12.C6.pilon.contigs_renamed.phages_combined.fna,15595
plate12.C7.pilon.contigs_renamed.phages_combined.fna,15595
plate12.C8.pilon.contigs_renamed.phages_combined.fna,15689
plate12.D5.pilon.contigs_renamed.phages_combined.fna,15595
plate12.E10.pilon.contigs_renamed.phages_combined.fna,15936
plate12.E11.pilon.contigs_renamed.phages_combined.fna,15936
plate12.E3.pilon.contigs_renamed.phages_combined.fna,15935
plate12.E5.pilon.contigs_renamed.phages_combined.fna,15850
plate12.F1.pilon.contigs_renamed.phages_combined.fna,15408
plate12.F2.pilon.contigs_renamed.phages_combined.fna,15936
plate12.F3.pilon.contigs_renamed.phages_combined.fna,15936
plate12.G1.pilon.contigs_renamed.phages_combined.fna,15935
plate12.G2.pilon.contigs_renamed.phages_combined.fna,15595
plate12.G4.pilon.contigs_renamed.phages_combined.fna,15841
plate12.G5.pilon.contigs_renamed.phages_combined.fna,15841
plate12.G7.pilon.contigs_renamed.phages_combined.fna,15421
plate12.H10.pilon.contigs_renamed.phages_combined.fna,15340
plate12.H10.pilon.contigs_renamed.phages_combined.fna,1504
plate12.H10.pilon.contigs_renamed.phages_combined.fna,15408
plate12.H10.pilon.contigs_renamed.phages_combined.fna,1504
plate12.H1.pilon.contigs_renamed.phages_combined.fna,15595
plate12.H2.pilon.contigs_renamed.phages_combined.fna,15421
plate12.H3.pilon.contigs_renamed.phages_combined.fna,15595
plate12.H4.pilon.contigs_renamed.phages_combined.fna,15936
plate12.H5.pilon.contigs_renamed.phages_combined.fna,15689
plate12.H6.pilon.contigs_renamed.phages_combined.fna,15689
plate12.H7.pilon.contigs_renamed.phages_combined.fna,15231
plate12.H8.pilon.contigs_renamed.phages_combined.fna,15340
plate12.H8.pilon.contigs_renamed.phages_combined.fna,15408
plate13.A1.pilon.contigs_renamed.phages_combined.fna,15936
plate13.A2.pilon.contigs_renamed.phages_combined.fna,15936
plate13.B2.pilon.contigs_renamed.phages_combined.fna,15936
plate13.B3.pilon.contigs_renamed.phages_combined.fna,15841
plate13.B6.pilon.contigs_renamed.phages_combined.fna,15841
plate13.C11.pilon.contigs_renamed.phages_combined.fna,15421
plate13.C1.pilon.contigs_renamed.phages_combined.fna,15689
plate13.C2.pilon.contigs_renamed.phages_combined.fna,15689
plate13.C6.pilon.contigs_renamed.phages_combined.fna,15595
plate13.C8.pilon.contigs_renamed.phages_combined.fna,15841
plate13.D1.pilon.contigs_renamed.phages_combined.fna,15689
plate13.D2.pilon.contigs_renamed.phages_combined.fna,15689
plate13.D6.pilon.contigs_renamed.phages_combined.fna,15595
plate13.D7.pilon.contigs_renamed.phages_combined.fna,15595
plate13.D8.pilon.contigs_renamed.phages_combined.fna,15595
plate13.D9.pilon.contigs_renamed.phages_combined.fna,15841
plate13.E10.pilon.contigs_renamed.phages_combined.fna,15936
plate13.E11.pilon.contigs_renamed.phages_combined.fna,15936
plate13.E12.pilon.contigs_renamed.phages_combined.fna,15841
plate13.E3.pilon.contigs_renamed.phages_combined.fna,15936
plate13.E6.pilon.contigs_renamed.phages_combined.fna,15935
plate13.E7.pilon.contigs_renamed.phages_combined.fna,15935
plate13.F10.pilon.contigs_renamed.phages_combined.fna,15936
plate13.F11.pilon.contigs_renamed.phages_combined.fna,15936
plate13.F2.pilon.contigs_renamed.phages_combined.fna,15936
plate13.F4.pilon.contigs_renamed.phages_combined.fna,15420
plate13.F6.pilon.contigs_renamed.phages_combined.fna,15595
plate13.F9.pilon.contigs_renamed.phages_combined.fna,15814
plate13.G1.pilon.contigs_renamed.phages_combined.fna,15215
plate13.G2.pilon.contigs_renamed.phages_combined.fna,15595
plate13.G4.pilon.contigs_renamed.phages_combined.fna,15841
plate13.G6.pilon.contigs_renamed.phages_combined.fna,15841
plate13.G8.pilon.contigs_renamed.phages_combined.fna,15595
plate13.H10.pilon.contigs_renamed.phages_combined.fna,15689
plate13.H11.pilon.contigs_renamed.phages_combined.fna,15661
plate13.H2.pilon.contigs_renamed.phages_combined.fna,15841
plate13.H3.pilon.contigs_renamed.phages_combined.fna,15936
plate13.H4.pilon.contigs_renamed.phages_combined.fna,15841
plate13.H6.pilon.contigs_renamed.phages_combined.fna,15935
plate13.H7.pilon.contigs_renamed.phages_combined.fna,15595
plate1.A10.pilon.contigs_renamed.phages_combined.fna,15936
plate1.A12.pilon.contigs_renamed.phages_combined.fna,15935
plate1.A2.pilon.contigs_renamed.phages_combined.fna,15936
plate1.A3.pilon.contigs_renamed.phages_combined.fna,15841
plate1.A5.pilon.contigs_renamed.phages_combined.fna,15595
plate1.A7.pilon.contigs_renamed.phages_combined.fna,15841
plate1.A9.pilon.contigs_renamed.phages_combined.fna,15850
plate1.B10.pilon.contigs_renamed.phages_combined.fna,15936
plate1.B11.pilon.contigs_renamed.phages_combined.fna,15935
plate1.B12.pilon.contigs_renamed.phages_combined.fna,15935
plate1.B1.pilon.contigs_renamed.phages_combined.fna,15936
plate1.B2.pilon.contigs_renamed.phages_combined.fna,15936
plate1.B3.pilon.contigs_renamed.phages_combined.fna,15841
plate1.B6.pilon.contigs_renamed.phages_combined.fna,15595
plate1.C11.pilon.contigs_renamed.phages_combined.fna,15841
plate1.C2.pilon.contigs_renamed.phages_combined.fna,15689
plate1.C3.pilon.contigs_renamed.phages_combined.fna,15689
plate1.C6.pilon.contigs_renamed.phages_combined.fna,15595
plate1.C7.pilon.contigs_renamed.phages_combined.fna,15595
plate1.C9.pilon.contigs_renamed.phages_combined.fna,15595
plate1.D11.pilon.contigs_renamed.phages_combined.fna,15841
plate1.D12.pilon.contigs_renamed.phages_combined.fna,15595
plate1.D1.pilon.contigs_renamed.phages_combined.fna,15936
plate1.D3.pilon.contigs_renamed.phages_combined.fna,15689
plate1.D5.pilon.contigs_renamed.phages_combined.fna,15936
plate1.D6.pilon.contigs_renamed.phages_combined.fna,15661
plate1.D7.pilon.contigs_renamed.phages_combined.fna,15595
plate1.D8.pilon.contigs_renamed.phages_combined.fna,15936
plate1.D9.pilon.contigs_renamed.phages_combined.fna,15595
plate1.E3.pilon.contigs_renamed.phages_combined.fna,15936
plate1.E4.pilon.contigs_renamed.phages_combined.fna,15936
plate1.E7.pilon.contigs_renamed.phages_combined.fna,15421
plate1.E8.pilon.contigs_renamed.phages_combined.fna,15935
plate1.F3.pilon.contigs_renamed.phages_combined.fna,15936
plate1.F4.pilon.contigs_renamed.phages_combined.fna,15936
plate1.F5.pilon.contigs_renamed.phages_combined.fna,15689
plate1.G11.pilon.contigs_renamed.phages_combined.fna,15936
plate1.G1.pilon.contigs_renamed.phages_combined.fna,15936
plate1.G2.pilon.contigs_renamed.phages_combined.fna,15421
plate1.G4.pilon.contigs_renamed.phages_combined.fna,15936
plate1.G5.pilon.contigs_renamed.phages_combined.fna,15936
plate1.G6.pilon.contigs_renamed.phages_combined.fna,15841
plate1.G8.pilon.contigs_renamed.phages_combined.fna,15595
plate1.H11.pilon.contigs_renamed.phages_combined.fna,15841
plate1.H12.pilon.contigs_renamed.phages_combined.fna,15841
plate1.H1.pilon.contigs_renamed.phages_combined.fna,15936
plate1.H2.pilon.contigs_renamed.phages_combined.fna,1545
plate1.H2.pilon.contigs_renamed.phages_combined.fna,15595
plate1.H3.pilon.contigs_renamed.phages_combined.fna,15421
plate1.H7.pilon.contigs_renamed.phages_combined.fna,15595
plate1.H9.pilon.contigs_renamed.phages_combined.fna,15661
plate20.A11.pilon.contigs_renamed.phages_combined.fna,15936
plate20.A12.pilon.contigs_renamed.phages_combined.fna,15935
plate20.A7.pilon.contigs_renamed.phages_combined.fna,15814
plate20.B11.pilon.contigs_renamed.phages_combined.fna,15936
plate20.B12.pilon.contigs_renamed.phages_combined.fna,15935
plate20.B1.pilon.contigs_renamed.phages_combined.fna,15841
plate20.B2.pilon.contigs_renamed.phages_combined.fna,15632
plate20.B3.pilon.contigs_renamed.phages_combined.fna,15936
plate20.B5.pilon.contigs_renamed.phages_combined.fna,15944
plate20.B7.pilon.contigs_renamed.phages_combined.fna,15814
plate20.C11.pilon.contigs_renamed.phages_combined.fna,15936
plate20.C1.pilon.contigs_renamed.phages_combined.fna,15841
plate20.C1.pilon.contigs_renamed.phages_combined.fna,1582
plate20.C3.pilon.contigs_renamed.phages_combined.fna,15936
plate20.C5.pilon.contigs_renamed.phages_combined.fna,15944
plate20.C7.pilon.contigs_renamed.phages_combined.fna,15814
plate20.C9.pilon.contigs_renamed.phages_combined.fna,15935
plate20.D10.pilon.contigs_renamed.phages_combined.fna,15936
plate20.D11.pilon.contigs_renamed.phages_combined.fna,15936
plate20.D12.pilon.contigs_renamed.phages_combined.fna,15935
plate20.D5.pilon.contigs_renamed.phages_combined.fna,15944
plate20.D7.pilon.contigs_renamed.phages_combined.fna,15814
plate20.E10.pilon.contigs_renamed.phages_combined.fna,15935
plate20.E11.pilon.contigs_renamed.phages_combined.fna,15936
plate20.E5.pilon.contigs_renamed.phages_combined.fna,15944
plate20.E8.pilon.contigs_renamed.phages_combined.fna,15420
plate20.E9.pilon.contigs_renamed.phages_combined.fna,15935
plate20.F10.pilon.contigs_renamed.phages_combined.fna,15935
plate20.F11.pilon.contigs_renamed.phages_combined.fna,15936
plate20.F1.pilon.contigs_renamed.phages_combined.fna,15841
plate20.F4.pilon.contigs_renamed.phages_combined.fna,15595
plate20.F5.pilon.contigs_renamed.phages_combined.fna,15944
plate20.F9.pilon.contigs_renamed.phages_combined.fna,15936
plate20.G10.pilon.contigs_renamed.phages_combined.fna,15935
plate20.G11.pilon.contigs_renamed.phages_combined.fna,15936
plate20.G12.pilon.contigs_renamed.phages_combined.fna,15935
plate20.G1.pilon.contigs_renamed.phages_combined.fna,15841
plate20.G2.pilon.contigs_renamed.phages_combined.fna,15632
plate20.G3.pilon.contigs_renamed.phages_combined.fna,15936
plate20.G4.pilon.contigs_renamed.phages_combined.fna,15595
plate20.G5.pilon.contigs_renamed.phages_combined.fna,15944
plate20.G7.pilon.contigs_renamed.phages_combined.fna,15814
plate20.H10.pilon.contigs_renamed.phages_combined.fna,15936
plate20.H11.pilon.contigs_renamed.phages_combined.fna,15936
plate20.H12.pilon.contigs_renamed.phages_combined.fna,15935
plate20.H1.pilon.contigs_renamed.phages_combined.fna,15841
plate20.H3.pilon.contigs_renamed.phages_combined.fna,15936
plate20.H5.pilon.contigs_renamed.phages_combined.fna,15944
plate20.H7.pilon.contigs_renamed.phages_combined.fna,15814
plate20.H9.pilon.contigs_renamed.phages_combined.fna,15936
plate21.A10.pilon.contigs_renamed.phages_combined.fna,15841
plate21.A11.pilon.contigs_renamed.phages_combined.fna,15936
plate21.A12.pilon.contigs_renamed.phages_combined.fna,15215
plate21.A3.pilon.contigs_renamed.phages_combined.fna,15689
plate21.A4.pilon.contigs_renamed.phages_combined.fna,15595
plate21.A5.pilon.contigs_renamed.phages_combined.fna,15935
plate21.A7.pilon.contigs_renamed.phages_combined.fna,15935
plate21.A8.pilon.contigs_renamed.phages_combined.fna,15935
plate21.A9.pilon.contigs_renamed.phages_combined.fna,15935
plate21.B10.pilon.contigs_renamed.phages_combined.fna,15841
plate21.B11.pilon.contigs_renamed.phages_combined.fna,15936
plate21.B12.pilon.contigs_renamed.phages_combined.fna,15215
plate21.B2.pilon.contigs_renamed.phages_combined.fna,15841
plate21.B3.pilon.contigs_renamed.phages_combined.fna,15689
plate21.B4.pilon.contigs_renamed.phages_combined.fna,15595
plate21.B5.pilon.contigs_renamed.phages_combined.fna,15595
plate21.B8.pilon.contigs_renamed.phages_combined.fna,15935
plate21.B9.pilon.contigs_renamed.phages_combined.fna,15935
plate21.C10.pilon.contigs_renamed.phages_combined.fna,15841
plate21.C11.pilon.contigs_renamed.phages_combined.fna,15936
plate21.C12.pilon.contigs_renamed.phages_combined.fna,15215
plate21.C1.pilon.contigs_renamed.phages_combined.fna,15595
plate21.C2.pilon.contigs_renamed.phages_combined.fna,15841
plate21.C3.pilon.contigs_renamed.phages_combined.fna,15689
plate21.C4.pilon.contigs_renamed.phages_combined.fna,15595
plate21.C5.pilon.contigs_renamed.phages_combined.fna,15595
plate21.C8.pilon.contigs_renamed.phages_combined.fna,15935
plate21.C9.pilon.contigs_renamed.phages_combined.fna,15935
plate21.D10.pilon.contigs_renamed.phages_combined.fna,15841
plate21.D11.pilon.contigs_renamed.phages_combined.fna,15936
plate21.D2.pilon.contigs_renamed.phages_combined.fna,15604
plate21.D5.pilon.contigs_renamed.phages_combined.fna,15935
plate21.D7.pilon.contigs_renamed.phages_combined.fna,15935
plate21.D8.pilon.contigs_renamed.phages_combined.fna,15935
plate21.D9.pilon.contigs_renamed.phages_combined.fna,15935
plate21.E11.pilon.contigs_renamed.phages_combined.fna,15936
plate21.E12.pilon.contigs_renamed.phages_combined.fna,15215
plate21.E2.pilon.contigs_renamed.phages_combined.fna,15604
plate21.E3.pilon.contigs_renamed.phages_combined.fna,15689
plate21.E4.pilon.contigs_renamed.phages_combined.fna,15595
plate21.E8.pilon.contigs_renamed.phages_combined.fna,15935
plate21.E9.pilon.contigs_renamed.phages_combined.fna,15935
plate21.F10.pilon.contigs_renamed.phages_combined.fna,15841
plate21.F11.pilon.contigs_renamed.phages_combined.fna,15936
plate21.F12.pilon.contigs_renamed.phages_combined.fna,15215
plate21.F1.pilon.contigs_renamed.phages_combined.fna,15595
plate21.F3.pilon.contigs_renamed.phages_combined.fna,15689
plate21.F4.pilon.contigs_renamed.phages_combined.fna,15595
plate21.F5.pilon.contigs_renamed.phages_combined.fna,15935
plate21.F8.pilon.contigs_renamed.phages_combined.fna,15935
plate21.F9.pilon.contigs_renamed.phages_combined.fna,15935
plate21.G11.pilon.contigs_renamed.phages_combined.fna,15936
plate21.G12.pilon.contigs_renamed.phages_combined.fna,15215
plate21.G3.pilon.contigs_renamed.phages_combined.fna,15689
plate21.G5.pilon.contigs_renamed.phages_combined.fna,15935
plate21.G9.pilon.contigs_renamed.phages_combined.fna,15935
plate21.H10.pilon.contigs_renamed.phages_combined.fna,15841
plate21.H11.pilon.contigs_renamed.phages_combined.fna,15936
plate21.H12.pilon.contigs_renamed.phages_combined.fna,15215
plate21.H3.pilon.contigs_renamed.phages_combined.fna,15689
plate21.H5.pilon.contigs_renamed.phages_combined.fna,15935
plate21.H7.pilon.contigs_renamed.phages_combined.fna,15935
plate21.H8.pilon.contigs_renamed.phages_combined.fna,15935
plate22.A1.pilon.contigs_renamed.phages_combined.fna,15936
plate22.A3.pilon.contigs_renamed.phages_combined.fna,15841
plate22.A5.pilon.contigs_renamed.phages_combined.fna,15689
plate22.A7.pilon.contigs_renamed.phages_combined.fna,15689
plate22.A8.pilon.contigs_renamed.phages_combined.fna,15689
plate22.B1.pilon.contigs_renamed.phages_combined.fna,15936
plate22.B3.pilon.contigs_renamed.phages_combined.fna,15936
plate22.B5.pilon.contigs_renamed.phages_combined.fna,15689
plate22.B7.pilon.contigs_renamed.phages_combined.fna,15689
plate22.C3.pilon.contigs_renamed.phages_combined.fna,15935
plate22.C5.pilon.contigs_renamed.phages_combined.fna,15689
plate22.C7.pilon.contigs_renamed.phages_combined.fna,15689
plate22.D2.pilon.contigs_renamed.phages_combined.fna,1548
plate22.E1.pilon.contigs_renamed.phages_combined.fna,15936
plate22.E4.pilon.contigs_renamed.phages_combined.fna,15689
plate22.E7.pilon.contigs_renamed.phages_combined.fna,15421
plate22.F1.pilon.contigs_renamed.phages_combined.fna,15936
plate22.F4.pilon.contigs_renamed.phages_combined.fna,15689
plate22.F5.pilon.contigs_renamed.phages_combined.fna,15689
plate22.F7.pilon.contigs_renamed.phages_combined.fna,15421
plate22.G1.pilon.contigs_renamed.phages_combined.fna,15936
plate22.G4.pilon.contigs_renamed.phages_combined.fna,15689
plate22.G5.pilon.contigs_renamed.phages_combined.fna,15689
plate22.G7.pilon.contigs_renamed.phages_combined.fna,15421
plate22.H1.pilon.contigs_renamed.phages_combined.fna,15936
plate22.H4.pilon.contigs_renamed.phages_combined.fna,15689
plate22.H5.pilon.contigs_renamed.phages_combined.fna,15689
plate23.A3.pilon.contigs_renamed.phages_combined.fna,15908
plate23.A4.pilon.contigs_renamed.phages_combined.fna,15214
plate23.A6.pilon.contigs_renamed.phages_combined.fna,15841
plate23.A9.pilon.contigs_renamed.phages_combined.fna,15945
plate23.B2.pilon.contigs_renamed.phages_combined.fna,15659
plate23.B3.pilon.contigs_renamed.phages_combined.fna,15409
plate23.B5.pilon.contigs_renamed.phages_combined.fna,15841
plate23.C2.pilon.contigs_renamed.phages_combined.fna,15945
plate23.C3.pilon.contigs_renamed.phages_combined.fna,15337
plate23.C3.pilon.contigs_renamed.phages_combined.fna,15406
plate23.C4.pilon.contigs_renamed.phages_combined.fna,15841
plate23.C5.pilon.contigs_renamed.phages_combined.fna,15841
plate23.C7.pilon.contigs_renamed.phages_combined.fna,15409
plate23.C8.pilon.contigs_renamed.phages_combined.fna,15421
plate23.C9.pilon.contigs_renamed.phages_combined.fna,15841
plate23.D2.pilon.contigs_renamed.phages_combined.fna,15421
plate23.D3.pilon.contigs_renamed.phages_combined.fna,15337
plate23.D3.pilon.contigs_renamed.phages_combined.fna,15406
plate23.D4.pilon.contigs_renamed.phages_combined.fna,15841
plate23.E9.pilon.contigs_renamed.phages_combined.fna,15841
plate23.F6.pilon.contigs_renamed.phages_combined.fna,15409
plate23.G2.pilon.contigs_renamed.phages_combined.fna,15409
plate23.H6.pilon.contigs_renamed.phages_combined.fna,15409
plate24.A11.pilon.contigs_renamed.phages_combined.fna,15936
plate24.A12.pilon.contigs_renamed.phages_combined.fna,15935
plate24.A1.pilon.contigs_renamed.phages_combined.fna,15689
plate24.A3.pilon.contigs_renamed.phages_combined.fna,15936
plate24.A5.pilon.contigs_renamed.phages_combined.fna,15944
plate24.A9.pilon.contigs_renamed.phages_combined.fna,15935
plate24.B10.pilon.contigs_renamed.phages_combined.fna,15936
plate24.B3.pilon.contigs_renamed.phages_combined.fna,15936
plate24.B7.pilon.contigs_renamed.phages_combined.fna,15814
plate24.B9.pilon.contigs_renamed.phages_combined.fna,15936
plate24.C10.pilon.contigs_renamed.phages_combined.fna,15936
plate24.C11.pilon.contigs_renamed.phages_combined.fna,15936
plate24.C12.pilon.contigs_renamed.phages_combined.fna,15935
plate24.C1.pilon.contigs_renamed.phages_combined.fna,15841
plate24.C2.pilon.contigs_renamed.phages_combined.fna,15632
plate24.C3.pilon.contigs_renamed.phages_combined.fna,15936
plate24.C4.pilon.contigs_renamed.phages_combined.fna,15595
plate24.C7.pilon.contigs_renamed.phages_combined.fna,15814
plate24.C9.pilon.contigs_renamed.phages_combined.fna,15935
plate24.D11.pilon.contigs_renamed.phages_combined.fna,15936
plate24.D2.pilon.contigs_renamed.phages_combined.fna,15935
plate24.D3.pilon.contigs_renamed.phages_combined.fna,15936
plate24.D4.pilon.contigs_renamed.phages_combined.fna,15595
plate24.D5.pilon.contigs_renamed.phages_combined.fna,15944
plate24.D7.pilon.contigs_renamed.phages_combined.fna,15814
plate24.D8.pilon.contigs_renamed.phages_combined.fna,15420
plate24.D9.pilon.contigs_renamed.phages_combined.fna,15935
plate24.E10.pilon.contigs_renamed.phages_combined.fna,15936
plate24.E11.pilon.contigs_renamed.phages_combined.fna,15720
plate24.E12.pilon.contigs_renamed.phages_combined.fna,15935
plate24.E1.pilon.contigs_renamed.phages_combined.fna,15841
plate24.E2.pilon.contigs_renamed.phages_combined.fna,15935
plate24.E3.pilon.contigs_renamed.phages_combined.fna,15936
plate24.E4.pilon.contigs_renamed.phages_combined.fna,15595
plate24.E9.pilon.contigs_renamed.phages_combined.fna,15935
plate24.F11.pilon.contigs_renamed.phages_combined.fna,15936
plate24.F12.pilon.contigs_renamed.phages_combined.fna,15935
plate24.F2.pilon.contigs_renamed.phages_combined.fna,15936
plate24.F3.pilon.contigs_renamed.phages_combined.fna,15936
plate24.F5.pilon.contigs_renamed.phages_combined.fna,15944
plate24.F7.pilon.contigs_renamed.phages_combined.fna,15814
plate24.F9.pilon.contigs_renamed.phages_combined.fna,15936
plate24.G11.pilon.contigs_renamed.phages_combined.fna,15936
plate24.G3.pilon.contigs_renamed.phages_combined.fna,15936
plate24.G4.pilon.contigs_renamed.phages_combined.fna,15595
plate24.G7.pilon.contigs_renamed.phages_combined.fna,15814
plate24.H10.pilon.contigs_renamed.phages_combined.fna,15936
plate24.H11.pilon.contigs_renamed.phages_combined.fna,15936
plate24.H3.pilon.contigs_renamed.phages_combined.fna,15936
plate24.H5.pilon.contigs_renamed.phages_combined.fna,15944
plate24.H9.pilon.contigs_renamed.phages_combined.fna,15935
plate25.A10.pilon.contigs_renamed.phages_combined.fna,15841
plate25.A11.pilon.contigs_renamed.phages_combined.fna,15936
plate25.A1.pilon.contigs_renamed.phages_combined.fna,15595
plate25.A3.pilon.contigs_renamed.phages_combined.fna,15689
plate25.A5.pilon.contigs_renamed.phages_combined.fna,15595
plate25.A7.pilon.contigs_renamed.phages_combined.fna,15935
plate25.A8.pilon.contigs_renamed.phages_combined.fna,15935
plate25.A9.pilon.contigs_renamed.phages_combined.fna,15935
plate25.B10.pilon.contigs_renamed.phages_combined.fna,15841
plate25.B11.pilon.contigs_renamed.phages_combined.fna,15936
plate25.B12.pilon.contigs_renamed.phages_combined.fna,15215
plate25.B3.pilon.contigs_renamed.phages_combined.fna,15689
plate25.B4.pilon.contigs_renamed.phages_combined.fna,15885
plate25.B4.pilon.contigs_renamed.phages_combined.fna,15595
plate25.B5.pilon.contigs_renamed.phages_combined.fna,15935
plate25.B7.pilon.contigs_renamed.phages_combined.fna,15935
plate25.B8.pilon.contigs_renamed.phages_combined.fna,15935
plate25.B9.pilon.contigs_renamed.phages_combined.fna,15935
plate25.C10.pilon.contigs_renamed.phages_combined.fna,15841
plate25.C1.pilon.contigs_renamed.phages_combined.fna,15595
plate25.C3.pilon.contigs_renamed.phages_combined.fna,15689
plate25.C5.pilon.contigs_renamed.phages_combined.fna,15935
plate25.C7.pilon.contigs_renamed.phages_combined.fna,15935
plate25.C8.pilon.contigs_renamed.phages_combined.fna,15595
plate25.C9.pilon.contigs_renamed.phages_combined.fna,15935
plate25.D10.pilon.contigs_renamed.phages_combined.fna,15841
plate25.D11.pilon.contigs_renamed.phages_combined.fna,15936
plate25.D12.pilon.contigs_renamed.phages_combined.fna,15215
plate25.D3.pilon.contigs_renamed.phages_combined.fna,15689
plate25.D5.pilon.contigs_renamed.phages_combined.fna,15935
plate25.D7.pilon.contigs_renamed.phages_combined.fna,15935
plate25.D8.pilon.contigs_renamed.phages_combined.fna,15935
plate25.D9.pilon.contigs_renamed.phages_combined.fna,15935
plate25.E10.pilon.contigs_renamed.phages_combined.fna,15841
plate25.E11.pilon.contigs_renamed.phages_combined.fna,15936
plate25.E12.pilon.contigs_renamed.phages_combined.fna,15215
plate25.E2.pilon.contigs_renamed.phages_combined.fna,15689
plate25.E3.pilon.contigs_renamed.phages_combined.fna,15689
plate25.E4.pilon.contigs_renamed.phages_combined.fna,15595
plate25.E5.pilon.contigs_renamed.phages_combined.fna,15935
plate25.E7.pilon.contigs_renamed.phages_combined.fna,15935
plate25.E8.pilon.contigs_renamed.phages_combined.fna,15935
plate25.E9.pilon.contigs_renamed.phages_combined.fna,15935
plate25.F11.pilon.contigs_renamed.phages_combined.fna,15936
plate25.F5.pilon.contigs_renamed.phages_combined.fna,15935
plate25.F7.pilon.contigs_renamed.phages_combined.fna,15935
plate25.F8.pilon.contigs_renamed.phages_combined.fna,15935
plate25.G11.pilon.contigs_renamed.phages_combined.fna,15936
plate25.G12.pilon.contigs_renamed.phages_combined.fna,15215
plate25.G3.pilon.contigs_renamed.phages_combined.fna,15689
plate25.G4.pilon.contigs_renamed.phages_combined.fna,15595
plate25.G5.pilon.contigs_renamed.phages_combined.fna,15935
plate25.G7.pilon.contigs_renamed.phages_combined.fna,15595
plate25.G8.pilon.contigs_renamed.phages_combined.fna,15935
plate25.G9.pilon.contigs_renamed.phages_combined.fna,15935
plate25.H10.pilon.contigs_renamed.phages_combined.fna,15841
plate25.H11.pilon.contigs_renamed.phages_combined.fna,15936
plate25.H12.pilon.contigs_renamed.phages_combined.fna,15215
plate25.H3.pilon.contigs_renamed.phages_combined.fna,15689
plate25.H5.pilon.contigs_renamed.phages_combined.fna,15595
plate25.H7.pilon.contigs_renamed.phages_combined.fna,15935
plate25.H8.pilon.contigs_renamed.phages_combined.fna,15935
plate26.A1.pilon.contigs_renamed.phages_combined.fna,15936
plate26.A4.pilon.contigs_renamed.phages_combined.fna,15935
plate26.A7.pilon.contigs_renamed.phages_combined.fna,15689
plate26.B10.pilon.contigs_renamed.phages_combined.fna,15568
plate26.B1.pilon.contigs_renamed.phages_combined.fna,15936
plate26.B5.pilon.contigs_renamed.phages_combined.fna,15689
plate26.B6.pilon.contigs_renamed.phages_combined.fna,15689
plate26.B7.pilon.contigs_renamed.phages_combined.fna,15594
plate26.C10.pilon.contigs_renamed.phages_combined.fna,15214
plate26.C1.pilon.contigs_renamed.phages_combined.fna,15936
plate26.C4.pilon.contigs_renamed.phages_combined.fna,15689
plate26.C5.pilon.contigs_renamed.phages_combined.fna,15689
plate26.C9.pilon.contigs_renamed.phages_combined.fna,15556
plate26.C9.pilon.contigs_renamed.phages_combined.fna,15945
plate26.D1.pilon.contigs_renamed.phages_combined.fna,15936
plate26.D5.pilon.contigs_renamed.phages_combined.fna,15689
plate26.D7.pilon.contigs_renamed.phages_combined.fna,15841
plate26.D8.pilon.contigs_renamed.phages_combined.fna,15841
plate26.E1.pilon.contigs_renamed.phages_combined.fna,15936
plate26.E4.pilon.contigs_renamed.phages_combined.fna,15689
plate26.E6.pilon.contigs_renamed.phages_combined.fna,15595
plate26.E7.pilon.contigs_renamed.phages_combined.fna,15841
plate26.E8.pilon.contigs_renamed.phages_combined.fna,15841
plate26.E9.pilon.contigs_renamed.phages_combined.fna,15841
plate26.F10.pilon.contigs_renamed.phages_combined.fna,15841
plate26.F1.pilon.contigs_renamed.phages_combined.fna,15936
plate26.F3.pilon.contigs_renamed.phages_combined.fna,15604
plate26.F5.pilon.contigs_renamed.phages_combined.fna,15689
plate26.F8.pilon.contigs_renamed.phages_combined.fna,15409
plate26.G1.pilon.contigs_renamed.phages_combined.fna,15936
plate26.G4.pilon.contigs_renamed.phages_combined.fna,15689
plate26.H1.pilon.contigs_renamed.phages_combined.fna,15936
plate26.H4.pilon.contigs_renamed.phages_combined.fna,15689
plate26.H5.pilon.contigs_renamed.phages_combined.fna,15689
plate27.A6.pilon.contigs_renamed.phages_combined.fna,15841
plate27.B1.pilon.contigs_renamed.phages_combined.fna,15409
plate27.B2.pilon.contigs_renamed.phages_combined.fna,15409
plate27.C6.pilon.contigs_renamed.phages_combined.fna,15595
plate27.D5.pilon.contigs_renamed.phages_combined.fna,15374
plate27.D5.pilon.contigs_renamed.phages_combined.fna,15945
plate27.E5.pilon.contigs_renamed.phages_combined.fna,15841
plate27.G5.pilon.contigs_renamed.phages_combined.fna,15595
plate27.G6.pilon.contigs_renamed.phages_combined.fna,15595
plate27.H4.pilon.contigs_renamed.phages_combined.fna,15409
plate27.H5.pilon.contigs_renamed.phages_combined.fna,15421
plate2.A1.pilon.contigs_renamed.phages_combined.fna,15661
plate2.A2.pilon.contigs_renamed.phages_combined.fna,15661
plate2.A5.pilon.contigs_renamed.phages_combined.fna,15841
plate2.A6.pilon.contigs_renamed.phages_combined.fna,15841
plate2.A7.pilon.contigs_renamed.phages_combined.fna,15935
plate2.A8.pilon.contigs_renamed.phages_combined.fna,15935
plate2.A9.pilon.contigs_renamed.phages_combined.fna,15841
plate2.B2.pilon.contigs_renamed.phages_combined.fna,15841
plate2.C1.pilon.contigs_renamed.phages_combined.fna,15420
plate2.C5.pilon.contigs_renamed.phages_combined.fna,15936
plate2.C7.pilon.contigs_renamed.phages_combined.fna,15595
plate2.D1.pilon.contigs_renamed.phages_combined.fna,15148
plate2.D2.pilon.contigs_renamed.phages_combined.fna,15936
plate2.D3.pilon.contigs_renamed.phages_combined.fna,15215
plate2.D4.pilon.contigs_renamed.phages_combined.fna,1568
plate2.D4.pilon.contigs_renamed.phages_combined.fna,1560
plate2.D5.pilon.contigs_renamed.phages_combined.fna,15936
plate2.D6.pilon.contigs_renamed.phages_combined.fna,15689
plate2.D7.pilon.contigs_renamed.phages_combined.fna,15689
plate2.D8.pilon.contigs_renamed.phages_combined.fna,15689
plate2.D9.pilon.contigs_renamed.phages_combined.fna,15595
plate2.E10.pilon.contigs_renamed.phages_combined.fna,15854
plate2.E1.pilon.contigs_renamed.phages_combined.fna,15936
plate2.E3.pilon.contigs_renamed.phages_combined.fna,15935
plate2.E7.pilon.contigs_renamed.phages_combined.fna,15689
plate2.E9.pilon.contigs_renamed.phages_combined.fna,15689
plate2.F10.pilon.contigs_renamed.phages_combined.fna,15936
plate2.F11.pilon.contigs_renamed.phages_combined.fna,15936
plate2.F12.pilon.contigs_renamed.phages_combined.fna,15936
plate2.F1.pilon.contigs_renamed.phages_combined.fna,15452
plate2.F3.pilon.contigs_renamed.phages_combined.fna,15632
plate2.F4.pilon.contigs_renamed.phages_combined.fna,15936
plate2.F5.pilon.contigs_renamed.phages_combined.fna,15936
plate2.F9.pilon.contigs_renamed.phages_combined.fna,15936
plate2.G3.pilon.contigs_renamed.phages_combined.fna,15669
plate2.G7.pilon.contigs_renamed.phages_combined.fna,15662
plate2.H4.pilon.contigs_renamed.phages_combined.fna,15669
plate3.A11.pilon.contigs_renamed.phages_combined.fna,15935
plate3.A1.pilon.contigs_renamed.phages_combined.fna,15936
plate3.A2.pilon.contigs_renamed.phages_combined.fna,15936
plate3.A5.pilon.contigs_renamed.phages_combined.fna,15595
plate3.A6.pilon.contigs_renamed.phages_combined.fna,15841
plate3.B11.pilon.contigs_renamed.phages_combined.fna,15935
plate3.B12.pilon.contigs_renamed.phages_combined.fna,15661
plate3.B1.pilon.contigs_renamed.phages_combined.fna,15936
plate3.B2.pilon.contigs_renamed.phages_combined.fna,15936
plate3.B4.pilon.contigs_renamed.phages_combined.fna,15841
plate3.B5.pilon.contigs_renamed.phages_combined.fna,15595
plate3.B6.pilon.contigs_renamed.phages_combined.fna,15841
plate3.B7.pilon.contigs_renamed.phages_combined.fna,15841
plate3.C11.pilon.contigs_renamed.phages_combined.fna,15841
plate3.C12.pilon.contigs_renamed.phages_combined.fna,15661
plate3.C1.pilon.contigs_renamed.phages_combined.fna,15408
plate3.C1.pilon.contigs_renamed.phages_combined.fna,15340
plate3.C3.pilon.contigs_renamed.phages_combined.fna,15689
plate3.C6.pilon.contigs_renamed.phages_combined.fna,15595
plate3.D11.pilon.contigs_renamed.phages_combined.fna,15841
plate3.D1.pilon.contigs_renamed.phages_combined.fna,15936
plate3.D2.pilon.contigs_renamed.phages_combined.fna,15689
plate3.D6.pilon.contigs_renamed.phages_combined.fna,15595
plate3.E11.pilon.contigs_renamed.phages_combined.fna,15936
plate3.E4.pilon.contigs_renamed.phages_combined.fna,15936
plate3.E7.pilon.contigs_renamed.phages_combined.fna,15935
plate3.E8.pilon.contigs_renamed.phages_combined.fna,15935
plate3.F10.pilon.contigs_renamed.phages_combined.fna,15936
plate3.F11.pilon.contigs_renamed.phages_combined.fna,15841
plate3.F12.pilon.contigs_renamed.phages_combined.fna,15841
plate3.F5.pilon.contigs_renamed.phages_combined.fna,15420
plate3.F7.pilon.contigs_renamed.phages_combined.fna,15935
plate3.G12.pilon.contigs_renamed.phages_combined.fna,15935
plate3.G1.pilon.contigs_renamed.phages_combined.fna,15936
plate3.G3.pilon.contigs_renamed.phages_combined.fna,15421
plate3.G4.pilon.contigs_renamed.phages_combined.fna,15841
plate3.G5.pilon.contigs_renamed.phages_combined.fna,15936
plate3.G7.pilon.contigs_renamed.phages_combined.fna,15841
plate3.G8.pilon.contigs_renamed.phages_combined.fna,1504
plate3.G8.pilon.contigs_renamed.phages_combined.fna,15340
plate3.G8.pilon.contigs_renamed.phages_combined.fna,15408
plate3.G8.pilon.contigs_renamed.phages_combined.fna,1504
plate3.H1.pilon.contigs_renamed.phages_combined.fna,15936
plate3.H2.pilon.contigs_renamed.phages_combined.fna,15421
plate3.H5.pilon.contigs_renamed.phages_combined.fna,15936
plate3.H6.pilon.contigs_renamed.phages_combined.fna,15841
plate3.H7.pilon.contigs_renamed.phages_combined.fna,15841
plate3.H8.pilon.contigs_renamed.phages_combined.fna,15595
plate3.H9.pilon.contigs_renamed.phages_combined.fna,15408
plate4.A11.pilon.contigs_renamed.phages_combined.fna,15420
plate4.A1.pilon.contigs_renamed.phages_combined.fna,15661
plate4.A5.pilon.contigs_renamed.phages_combined.fna,15841
plate4.B2.pilon.contigs_renamed.phages_combined.fna,15841
plate4.B3.pilon.contigs_renamed.phages_combined.fna,15841
plate4.C11.pilon.contigs_renamed.phages_combined.fna,15595
plate4.C1.pilon.contigs_renamed.phages_combined.fna,15936
plate4.C3.pilon.contigs_renamed.phages_combined.fna,15841
plate4.C5.pilon.contigs_renamed.phages_combined.fna,15595
plate4.C8.pilon.contigs_renamed.phages_combined.fna,15936
plate4.C9.pilon.contigs_renamed.phages_combined.fna,15936
plate4.D1.pilon.contigs_renamed.phages_combined.fna,15935
plate4.D2.pilon.contigs_renamed.phages_combined.fna,15297
plate4.D3.pilon.contigs_renamed.phages_combined.fna,15935
plate4.D6.pilon.contigs_renamed.phages_combined.fna,15689
plate4.D8.pilon.contigs_renamed.phages_combined.fna,15689
plate4.D9.pilon.contigs_renamed.phages_combined.fna,15689
plate4.E4.pilon.contigs_renamed.phages_combined.fna,15936
plate4.E5.pilon.contigs_renamed.phages_combined.fna,15689
plate4.E6.pilon.contigs_renamed.phages_combined.fna,15689
plate4.E8.pilon.contigs_renamed.phages_combined.fna,15689
plate4.F10.pilon.contigs_renamed.phages_combined.fna,15936
plate4.F11.pilon.contigs_renamed.phages_combined.fna,15936
plate4.F12.pilon.contigs_renamed.phages_combined.fna,15936
plate4.F1.pilon.contigs_renamed.phages_combined.fna,15632
plate4.F4.pilon.contigs_renamed.phages_combined.fna,15936
plate4.F5.pilon.contigs_renamed.phages_combined.fna,15936
plate4.F9.pilon.contigs_renamed.phages_combined.fna,15936
plate4.G3.pilon.contigs_renamed.phages_combined.fna,15236
plate4.H8.pilon.contigs_renamed.phages_combined.fna,15662
plate5.A10.pilon.contigs_renamed.phages_combined.fna,15944
plate5.A12.pilon.contigs_renamed.phages_combined.fna,15935
plate5.A1.pilon.contigs_renamed.phages_combined.fna,15936
plate5.A2.pilon.contigs_renamed.phages_combined.fna,15936
plate5.A6.pilon.contigs_renamed.phages_combined.fna,15841
plate5.B10.pilon.contigs_renamed.phages_combined.fna,15944
plate5.B1.pilon.contigs_renamed.phages_combined.fna,15936
plate5.B2.pilon.contigs_renamed.phages_combined.fna,15936
plate5.B3.pilon.contigs_renamed.phages_combined.fna,15841
plate5.B4.pilon.contigs_renamed.phages_combined.fna,15841
plate5.B5.pilon.contigs_renamed.phages_combined.fna,15595
plate5.B7.pilon.contigs_renamed.phages_combined.fna,15841
plate5.C10.pilon.contigs_renamed.phages_combined.fna,15841
plate5.C1.pilon.contigs_renamed.phages_combined.fna,15936
plate5.C2.pilon.contigs_renamed.phages_combined.fna,1504
plate5.C2.pilon.contigs_renamed.phages_combined.fna,15408
plate5.C2.pilon.contigs_renamed.phages_combined.fna,1504
plate5.C2.pilon.contigs_renamed.phages_combined.fna,15340
plate5.C3.pilon.contigs_renamed.phages_combined.fna,15689
plate5.C5.pilon.contigs_renamed.phages_combined.fna,15595
plate5.C6.pilon.contigs_renamed.phages_combined.fna,15595
plate5.C7.pilon.contigs_renamed.phages_combined.fna,15595
plate5.C8.pilon.contigs_renamed.phages_combined.fna,15841
plate5.D10.pilon.contigs_renamed.phages_combined.fna,15841
plate5.D12.pilon.contigs_renamed.phages_combined.fna,15841
plate5.D3.pilon.contigs_renamed.phages_combined.fna,15689
plate5.D5.pilon.contigs_renamed.phages_combined.fna,15595
plate5.D6.pilon.contigs_renamed.phages_combined.fna,15595
plate5.D7.pilon.contigs_renamed.phages_combined.fna,15595
plate5.D9.pilon.contigs_renamed.phages_combined.fna,15841
plate5.E10.pilon.contigs_renamed.phages_combined.fna,15595
plate5.E11.pilon.contigs_renamed.phages_combined.fna,15936
plate5.E12.pilon.contigs_renamed.phages_combined.fna,15841
plate5.E1.pilon.contigs_renamed.phages_combined.fna,15408
plate5.E3.pilon.contigs_renamed.phages_combined.fna,15936
plate5.E4.pilon.contigs_renamed.phages_combined.fna,15936
plate5.E6.pilon.contigs_renamed.phages_combined.fna,15814
plate5.E7.pilon.contigs_renamed.phages_combined.fna,15935
plate5.E8.pilon.contigs_renamed.phages_combined.fna,15935
plate5.F10.pilon.contigs_renamed.phages_combined.fna,15936
plate5.F11.pilon.contigs_renamed.phages_combined.fna,15595
plate5.F1.pilon.contigs_renamed.phages_combined.fna,15595
plate5.F3.pilon.contigs_renamed.phages_combined.fna,15936
plate5.F4.pilon.contigs_renamed.phages_combined.fna,15936
plate5.F6.pilon.contigs_renamed.phages_combined.fna,15814
plate5.F7.pilon.contigs_renamed.phages_combined.fna,15935
plate5.G11.pilon.contigs_renamed.phages_combined.fna,15661
plate5.G12.pilon.contigs_renamed.phages_combined.fna,15661
plate5.G1.pilon.contigs_renamed.phages_combined.fna,15936
plate5.G5.pilon.contigs_renamed.phages_combined.fna,15936
plate5.G6.pilon.contigs_renamed.phages_combined.fna,15841
plate5.G7.pilon.contigs_renamed.phages_combined.fna,15689
plate5.G8.pilon.contigs_renamed.phages_combined.fna,1504
plate5.G8.pilon.contigs_renamed.phages_combined.fna,15408
plate5.G8.pilon.contigs_renamed.phages_combined.fna,15340
plate5.H11.pilon.contigs_renamed.phages_combined.fna,15661
plate5.H1.pilon.contigs_renamed.phages_combined.fna,15936
plate5.H2.pilon.contigs_renamed.phages_combined.fna,15421
plate5.H5.pilon.contigs_renamed.phages_combined.fna,15936
plate5.H6.pilon.contigs_renamed.phages_combined.fna,15689
plate5.H7.pilon.contigs_renamed.phages_combined.fna,15841
plate5.H8.pilon.contigs_renamed.phages_combined.fna,15595
plate6.A1.pilon.contigs_renamed.phages_combined.fna,15661
plate6.A5.pilon.contigs_renamed.phages_combined.fna,15841
plate6.A6.pilon.contigs_renamed.phages_combined.fna,15841
plate6.A7.pilon.contigs_renamed.phages_combined.fna,15421
plate6.A8.pilon.contigs_renamed.phages_combined.fna,15935
plate6.A9.pilon.contigs_renamed.phages_combined.fna,15595
plate6.B10.pilon.contigs_renamed.phages_combined.fna,15814
plate6.B11.pilon.contigs_renamed.phages_combined.fna,15595
plate6.B2.pilon.contigs_renamed.phages_combined.fna,15699
plate6.B3.pilon.contigs_renamed.phages_combined.fna,15841
plate6.B5.pilon.contigs_renamed.phages_combined.fna,15314
plate6.B5.pilon.contigs_renamed.phages_combined.fna,15981
plate6.B7.pilon.contigs_renamed.phages_combined.fna,15595
plate6.B8.pilon.contigs_renamed.phages_combined.fna,15936
plate6.C11.pilon.contigs_renamed.phages_combined.fna,15595
plate6.C3.pilon.contigs_renamed.phages_combined.fna,15841
plate6.C6.pilon.contigs_renamed.phages_combined.fna,15595
plate6.C7.pilon.contigs_renamed.phages_combined.fna,15595
plate6.D10.pilon.contigs_renamed.phages_combined.fna,15273
plate6.D1.pilon.contigs_renamed.phages_combined.fna,15148
plate6.D2.pilon.contigs_renamed.phages_combined.fna,15595
plate6.D5.pilon.contigs_renamed.phages_combined.fna,15936
plate6.D8.pilon.contigs_renamed.phages_combined.fna,15689
plate6.E10.pilon.contigs_renamed.phages_combined.fna,15595
plate6.E1.pilon.contigs_renamed.phages_combined.fna,15936
plate6.E3.pilon.contigs_renamed.phages_combined.fna,15935
plate6.E4.pilon.contigs_renamed.phages_combined.fna,15595
plate6.E6.pilon.contigs_renamed.phages_combined.fna,15689
plate6.E7.pilon.contigs_renamed.phages_combined.fna,15689
plate6.F10.pilon.contigs_renamed.phages_combined.fna,15936
plate6.F11.pilon.contigs_renamed.phages_combined.fna,15936
plate6.F12.pilon.contigs_renamed.phages_combined.fna,15936
plate6.F1.pilon.contigs_renamed.phages_combined.fna,15128
plate6.F3.pilon.contigs_renamed.phages_combined.fna,15936
plate6.F4.pilon.contigs_renamed.phages_combined.fna,15936
plate6.F5.pilon.contigs_renamed.phages_combined.fna,15936
plate6.F9.pilon.contigs_renamed.phages_combined.fna,15936
plate6.G4.pilon.contigs_renamed.phages_combined.fna,15669
plate6.G9.pilon.contigs_renamed.phages_combined.fna,15662
plate6.H6.pilon.contigs_renamed.phages_combined.fna,15669
plate6.H7.pilon.contigs_renamed.phages_combined.fna,15935
plate6.H8.pilon.contigs_renamed.phages_combined.fna,15935
plate7.A10.pilon.contigs_renamed.phages_combined.fna,15935
plate7.A11.pilon.contigs_renamed.phages_combined.fna,15944
plate7.A12.pilon.contigs_renamed.phages_combined.fna,15935
plate7.A1.pilon.contigs_renamed.phages_combined.fna,15936
plate7.A2.pilon.contigs_renamed.phages_combined.fna,15936
plate7.A3.pilon.contigs_renamed.phages_combined.fna,15841
plate7.A4.pilon.contigs_renamed.phages_combined.fna,15841
plate7.A5.pilon.contigs_renamed.phages_combined.fna,15595
plate7.A6.pilon.contigs_renamed.phages_combined.fna,15841
plate7.A7.pilon.contigs_renamed.phages_combined.fna,15841
plate7.B10.pilon.contigs_renamed.phages_combined.fna,15935
plate7.B11.pilon.contigs_renamed.phages_combined.fna,15935
plate7.B1.pilon.contigs_renamed.phages_combined.fna,15936
plate7.B2.pilon.contigs_renamed.phages_combined.fna,15936
plate7.B3.pilon.contigs_renamed.phages_combined.fna,15841
plate7.B4.pilon.contigs_renamed.phages_combined.fna,15689
plate7.B5.pilon.contigs_renamed.phages_combined.fna,15595
plate7.C1.pilon.contigs_renamed.phages_combined.fna,15689
plate7.C2.pilon.contigs_renamed.phages_combined.fna,15689
plate7.C4.pilon.contigs_renamed.phages_combined.fna,15595
plate7.C5.pilon.contigs_renamed.phages_combined.fna,15595
plate7.D10.pilon.contigs_renamed.phages_combined.fna,15689
plate7.D1.pilon.contigs_renamed.phages_combined.fna,15408
plate7.D2.pilon.contigs_renamed.phages_combined.fna,15689
plate7.D3.pilon.contigs_renamed.phages_combined.fna,15689
plate7.D5.pilon.contigs_renamed.phages_combined.fna,15595
plate7.D6.pilon.contigs_renamed.phages_combined.fna,15595
plate7.D7.pilon.contigs_renamed.phages_combined.fna,15595
plate7.D9.pilon.contigs_renamed.phages_combined.fna,15841
plate7.E11.pilon.contigs_renamed.phages_combined.fna,15935
plate7.E12.pilon.contigs_renamed.phages_combined.fna,15595
plate7.E3.pilon.contigs_renamed.phages_combined.fna,15936
plate7.E5.pilon.contigs_renamed.phages_combined.fna,15935
plate7.E8.pilon.contigs_renamed.phages_combined.fna,15595
plate7.E9.pilon.contigs_renamed.phages_combined.fna,15936
plate7.F10.pilon.contigs_renamed.phages_combined.fna,15936
plate7.F12.pilon.contigs_renamed.phages_combined.fna,15841
plate7.F1.pilon.contigs_renamed.phages_combined.fna,15595
plate7.F3.pilon.contigs_renamed.phages_combined.fna,15936
plate7.F5.pilon.contigs_renamed.phages_combined.fna,15850
plate7.F6.pilon.contigs_renamed.phages_combined.fna,15935
plate7.F7.pilon.contigs_renamed.phages_combined.fna,15935
plate7.G11.pilon.contigs_renamed.phages_combined.fna,15661
plate7.G1.pilon.contigs_renamed.phages_combined.fna,15595
plate7.G2.pilon.contigs_renamed.phages_combined.fna,15421
plate7.G3.pilon.contigs_renamed.phages_combined.fna,15421
plate7.G5.pilon.contigs_renamed.phages_combined.fna,15936
plate7.G6.pilon.contigs_renamed.phages_combined.fna,15689
plate7.G7.pilon.contigs_renamed.phages_combined.fna,15841
plate7.G8.pilon.contigs_renamed.phages_combined.fna,15595
plate7.H10.pilon.contigs_renamed.phages_combined.fna,15661
plate7.H11.pilon.contigs_renamed.phages_combined.fna,15661
plate7.H3.pilon.contigs_renamed.phages_combined.fna,15421
plate7.H5.pilon.contigs_renamed.phages_combined.fna,15936
plate7.H6.pilon.contigs_renamed.phages_combined.fna,15841
plate7.H8.pilon.contigs_renamed.phages_combined.fna,15595
plate8.A1.pilon.contigs_renamed.phages_combined.fna,15661
plate8.A5.pilon.contigs_renamed.phages_combined.fna,15689
plate8.A7.pilon.contigs_renamed.phages_combined.fna,15945
plate8.B2.pilon.contigs_renamed.phages_combined.fna,15841
plate8.B3.pilon.contigs_renamed.phages_combined.fna,15841
plate8.B5.pilon.contigs_renamed.phages_combined.fna,15595
plate8.B6.pilon.contigs_renamed.phages_combined.fna,15936
plate8.B8.pilon.contigs_renamed.phages_combined.fna,15595
plate8.C1.pilon.contigs_renamed.phages_combined.fna,15420
plate8.C3.pilon.contigs_renamed.phages_combined.fna,15841
plate8.C7.pilon.contigs_renamed.phages_combined.fna,15936
plate8.D1.pilon.contigs_renamed.phages_combined.fna,15936
plate8.D5.pilon.contigs_renamed.phages_combined.fna,15689
plate8.D6.pilon.contigs_renamed.phages_combined.fna,15689
plate8.D8.pilon.contigs_renamed.phages_combined.fna,15689
plate8.E10.pilon.contigs_renamed.phages_combined.fna,15595
plate8.E1.pilon.contigs_renamed.phages_combined.fna,15936
plate8.E4.pilon.contigs_renamed.phages_combined.fna,15215
plate8.E6.pilon.contigs_renamed.phages_combined.fna,15689
plate8.E7.pilon.contigs_renamed.phages_combined.fna,15689
plate8.E8.pilon.contigs_renamed.phages_combined.fna,15689
plate8.E9.pilon.contigs_renamed.phages_combined.fna,15595
plate8.F10.pilon.contigs_renamed.phages_combined.fna,15936
plate8.F11.pilon.contigs_renamed.phages_combined.fna,15936
plate8.F12.pilon.contigs_renamed.phages_combined.fna,15936
plate8.F1.pilon.contigs_renamed.phages_combined.fna,15632
plate8.F3.pilon.contigs_renamed.phages_combined.fna,15936
plate8.F4.pilon.contigs_renamed.phages_combined.fna,15936
plate8.F5.pilon.contigs_renamed.phages_combined.fna,15936
plate8.F8.pilon.contigs_renamed.phages_combined.fna,15595
plate8.G3.pilon.contigs_renamed.phages_combined.fna,15669
plate8.G7.pilon.contigs_renamed.phages_combined.fna,15662
plate8.H4.pilon.contigs_renamed.phages_combined.fna,15669
plate9.A10.pilon.contigs_renamed.phages_combined.fna,15944
plate9.A11.pilon.contigs_renamed.phages_combined.fna,15935
plate9.A1.pilon.contigs_renamed.phages_combined.fna,15936
plate9.A2.pilon.contigs_renamed.phages_combined.fna,15936
plate9.A4.pilon.contigs_renamed.phages_combined.fna,15841
plate9.A5.pilon.contigs_renamed.phages_combined.fna,15595
plate9.A6.pilon.contigs_renamed.phages_combined.fna,15841
plate9.B10.pilon.contigs_renamed.phages_combined.fna,15944
plate9.B12.pilon.contigs_renamed.phages_combined.fna,15595
plate9.B1.pilon.contigs_renamed.phages_combined.fna,15936
plate9.B2.pilon.contigs_renamed.phages_combined.fna,15936
plate9.B3.pilon.contigs_renamed.phages_combined.fna,15841
plate9.B4.pilon.contigs_renamed.phages_combined.fna,15841
plate9.B5.pilon.contigs_renamed.phages_combined.fna,15595
plate9.B9.pilon.contigs_renamed.phages_combined.fna,15936
plate9.C10.pilon.contigs_renamed.phages_combined.fna,15841
plate9.C12.pilon.contigs_renamed.phages_combined.fna,15421
plate9.C1.pilon.contigs_renamed.phages_combined.fna,15936
plate9.C2.pilon.contigs_renamed.phages_combined.fna,15689
plate9.C3.pilon.contigs_renamed.phages_combined.fna,15408
plate9.C6.pilon.contigs_renamed.phages_combined.fna,15595
plate9.C7.pilon.contigs_renamed.phages_combined.fna,15595
plate9.C9.pilon.contigs_renamed.phages_combined.fna,15841
plate9.D1.pilon.contigs_renamed.phages_combined.fna,15936
plate9.D5.pilon.contigs_renamed.phages_combined.fna,15595
plate9.D6.pilon.contigs_renamed.phages_combined.fna,15595
plate9.D8.pilon.contigs_renamed.phages_combined.fna,15841
plate9.E10.pilon.contigs_renamed.phages_combined.fna,15936
plate9.E11.pilon.contigs_renamed.phages_combined.fna,15936
plate9.E1.pilon.contigs_renamed.phages_combined.fna,15408
plate9.E1.pilon.contigs_renamed.phages_combined.fna,1504
plate9.E1.pilon.contigs_renamed.phages_combined.fna,1504
plate9.E1.pilon.contigs_renamed.phages_combined.fna,15340
plate9.E2.pilon.contigs_renamed.phages_combined.fna,15936
plate9.E3.pilon.contigs_renamed.phages_combined.fna,15936
plate9.E5.pilon.contigs_renamed.phages_combined.fna,15595
plate9.E6.pilon.contigs_renamed.phages_combined.fna,15215
plate9.F11.pilon.contigs_renamed.phages_combined.fna,15936
plate9.F2.pilon.contigs_renamed.phages_combined.fna,15936
plate9.F3.pilon.contigs_renamed.phages_combined.fna,15936
plate9.F4.pilon.contigs_renamed.phages_combined.fna,15420
plate9.F5.pilon.contigs_renamed.phages_combined.fna,15935
plate9.F6.pilon.contigs_renamed.phages_combined.fna,15935
plate9.F7.pilon.contigs_renamed.phages_combined.fna,15935
plate9.F8.pilon.contigs_renamed.phages_combined.fna,15661
plate9.G12.pilon.contigs_renamed.phages_combined.fna,15297
plate9.G2.pilon.contigs_renamed.phages_combined.fna,15421
plate9.G3.pilon.contigs_renamed.phages_combined.fna,15421
plate9.G4.pilon.contigs_renamed.phages_combined.fna,15936
plate9.G5.pilon.contigs_renamed.phages_combined.fna,15936
plate9.G7.pilon.contigs_renamed.phages_combined.fna,15935
plate9.G8.pilon.contigs_renamed.phages_combined.fna,15595
plate9.H2.pilon.contigs_renamed.phages_combined.fna,15935
plate9.H4.pilon.contigs_renamed.phages_combined.fna,15841
