"","genome_ID","new","p4.cluster","Otu"
"1","p1.A10","080.p1.A10.fa",1," 1"
"2","p1.A11","098.p1.A11.fa",1," 1"
"3","p1.A12","017.p1.A12.fa",1," 1"
"4","p1.A2","004.p1.A2.fa",1," 1"
"5","p1.A3","070.p1.A3.fa",1," 1"
"6","p1.A4","058.p1.A4.fa",1," 1"
"7","p1.A5","037.p1.A5.fa",1," 1"
"8","p1.A7","015.p1.A7.fa",1," 1"
"9","p1.A8","005.p1.A8.fa",1," 1"
"10","p1.A9","004.p1.A9.fa",1," 1"
"11","p1.B1","052.p1.B1.fa",1," 1"
"12","p1.B10","036.p1.B10.fa",1," 1"
"13","p1.B11","031.p1.B11.fa",1," 1"
"14","p1.B12","031.p1.B12.fa",1," 1"
"15","p1.B2","001.p1.B2.fa",1," 1"
"16","p1.B3","021.p1.B3.fa",1," 1"
"17","p1.B4","006.p1.B4.fa",1," 1"
"18","p1.B5","040.p1.B5.fa",1," 1"
"19","p1.B6","021.p1.B6.fa",1," 1"
"20","p1.B7","007.p1.B7.fa",1," 1"
"21","p1.B8","005.p1.B8.fa",1," 1"
"22","p1.B9","004.p1.B9.fa",1," 1"
"23","p1.C1","004.p1.C1.fa",1," 1"
"24","p1.C10","035.p1.C10.fa",1," 1"
"25","p1.C11","021.p1.C11.fa",1," 1"
"26","p1.C12","029.p1.C12.fa",1," 1"
"27","p1.C2","037.p1.C2.fa",1," 1"
"28","p1.C3","022.p1.C3.fa",1," 1"
"29","p1.C4","001.p1.C4.fa",1," 1"
"31","p1.C6","026.p1.C6.fa",1," 1"
"32","p1.C7","005.p1.C7.fa",1," 1"
"33","p1.C8","079.p1.C8.fa",1," 1"
"34","p1.C9","037.p1.C9.fa",1," 1"
"35","p1.D1","018.p1.D1.fa",1," 1"
"36","p1.D10","041.p1.D10.fa",1," 1"
"37","p1.D11","037.p1.D11.fa",1," 1"
"38","p1.D12","012.p1.D12.fa",1," 1"
"39","p1.D2","039.p1.D2.fa",1," 1"
"40","p1.D3","024.p1.D3.fa",1," 1"
"41","p1.D4","001.p1.D4.fa",1," 1"
"42","p1.D5","009.p1.D5.fa",1," 1"
"43","p1.D6","039.p1.D6.fa",1," 1"
"44","p1.D7","060.p1.D7.fa",1," 1"
"45","p1.D8","001.p1.D8.fa",1," 1"
"46","p1.D9","010.p1.D9.fa",1," 1"
"47","p1.E1","025.p1.E1.fa",1," 1"
"48","p1.E3","016.p1.E3.fa",1," 1"
"49","p1.E4","023.p1.E4.fa",1," 1"
"50","p1.E5","021.p1.E5.fa",1," 1"
"51","p1.E7","001.p1.E7.fa",1," 1"
"52","p1.E8","022.p1.E8.fa",1," 1"
"53","p1.F10","094.p1.F10.fa",1," 1"
"54","p1.F12","025.p1.F12.fa",1," 1"
"55","p1.F3","029.p1.F3.fa",1," 1"
"56","p1.F4","051.p1.F4.fa",1," 1"
"57","p1.F5","053.p1.F5.fa",1," 1"
"58","p1.F7","015.p1.F7.fa",1," 1"
"59","p1.F8","006.p1.F8.fa",1," 1"
"60","p1.F9","001.p1.F9.fa",1," 1"
"61","p1.G1","041.p1.G1.fa",1," 1"
"62","p1.G11","041.p1.G11.fa",1," 1"
"63","p1.G2","152.p1.G2.fa",1," 1"
"64","p1.G3","002.p1.G3.fa",1," 1"
"65","p1.G4","001.p1.G4.fa",1," 1"
"66","p1.G5","033.p1.G5.fa",1," 1"
"67","p1.G6","004.p1.G6.fa",1," 1"
"68","p1.G7","023.p1.G7.fa",1," 1"
"69","p1.G8","025.p1.G8.fa",1," 1"
"70","p1.G9","002.p1.G9.fa",1," 1"
"71","p1.H1","072.p1.H1.fa",1," 1"
"72","p1.H11","026.p1.H11.fa",1," 1"
"73","p1.H12","060.p1.H12.fa",1," 1"
"74","p1.H2","550.p1.H2.fa",1," 1"
"75","p1.H3","032.p1.H3.fa",1," 1"
"76","p1.H4","001.p1.H4.fa",1," 1"
"77","p1.H5","007.p1.H5.fa",1," 1"
"78","p1.H6","016.p1.H6.fa",1," 1"
"79","p1.H7","021.p1.H7.fa",1," 1"
"81","p1.H9","016.p1.H9.fa",1," 1"
"82","p11.A1","059.p11.A1.fa",1," 1"
"83","p11.A10","056.p11.A10.fa",1," 1"
"84","p11.A11","060.p11.A11.fa",1," 1"
"85","p11.A12","093.p11.A12.fa",1," 1"
"86","p11.A2","013.p11.A2.fa",1," 1"
"87","p11.A3","071.p11.A3.fa",1," 1"
"88","p11.A5","055.p11.A5.fa",1," 1"
"89","p11.A7","030.p11.A7.fa",1," 1"
"90","p11.A8","005.p11.A8.fa",1," 1"
"91","p11.A9","057.p11.A9.fa",1," 1"
"92","p11.B1","068.p11.B1.fa",1," 1"
"93","p11.B10","055.p11.B10.fa",1," 1"
"94","p11.B11","023.p11.B11.fa",1," 1"
"95","p11.B12","032.p11.B12.fa",1," 1"
"96","p11.B2","042.p11.B2.fa",1," 1"
"97","p11.B6","166.p11.B6.fa",1," 1"
"98","p11.B8","001.p11.B8.fa",1," 1"
"99","p11.B9","056.p11.B9.fa",1," 1"
"100","p11.C1","076.p11.C1.fa",1," 1"
"101","p11.C10","058.p11.C10.fa",1," 1"
"102","p11.C11","055.p11.C11.fa",1," 1"
"103","p11.C12","066.p11.C12.fa",1," 1"
"104","p11.C2","048.p11.C2.fa",1," 1"
"105","p11.C3","089.p11.C3.fa",1," 1"
"106","p11.C4","023.p11.C4.fa",1," 1"
"107","p11.C8","039.p11.C8.fa",1," 1"
"108","p11.C9","048.p11.C9.fa",1," 1"
"109","p11.D1","026.p11.D1.fa",1," 1"
"110","p11.D2","045.p11.D2.fa",1," 1"
"111","p11.D6","237.p11.D6.fa",1," 1"
"112","p11.D8","014.p11.D8.fa",1," 1"
"113","p11.D9","028.p11.D9.fa",1," 1"
"114","p11.E1","016.p11.E1.fa",1," 1"
"115","p11.E10","033.p11.E10.fa",1," 1"
"116","p11.E2","049.p11.E2.fa",1," 1"
"117","p11.E6","128.p11.E6.fa",1," 1"
"118","p11.E7","005.p11.E7.fa",1," 1"
"119","p11.E8","019.p11.E8.fa",1," 1"
"120","p11.E9","048.p11.E9.fa",1," 1"
"121","p11.F10","060.p11.F10.fa",1," 1"
"122","p11.F2","046.p11.F2.fa",1," 1"
"123","p11.F3","069.p11.F3.fa",1," 1"
"124","p11.F6","077.p11.F6.fa",1," 1"
"125","p11.F8","031.p11.F8.fa",1," 1"
"128","p11.G10","051.p11.G10.fa",1," 1"
"129","p11.G11","229.p11.G11.fa",1," 1"
"131","p11.G4","005.p11.G4.fa",1," 1"
"133","p11.G7","001.p11.G7.fa",1," 1"
"134","p11.G8","014.p11.G8.fa",1," 1"
"135","p11.G9","174.p11.G9.fa",1," 1"
"137","p11.H10","015.p11.H10.fa",1," 1"
"138","p11.H12","039.p11.H12.fa",1," 1"
"139","p11.H4","053.p11.H4.fa",1," 1"
"141","p11.H6","017.p11.H6.fa",1," 1"
"142","p11.H7","044.p11.H7.fa",1," 1"
"143","p11.H8","047.p11.H8.fa",1," 1"
"144","p11.H9","001.p11.H9.fa",1," 1"
"145","p12.A1","101.p12.A1.fa",1," 1"
"146","p12.A10","078.p12.A10.fa",1," 1"
"147","p12.A11","065.p12.A11.fa",1," 1"
"148","p12.A2","001.p12.A2.fa",1," 1"
"149","p12.A5","063.p12.A5.fa",1," 1"
"150","p12.A6","030.p12.A6.fa",1," 1"
"151","p12.A7","052.p12.A7.fa",1," 1"
"152","p12.A8","001.p12.A8.fa",1," 1"
"153","p12.B1","001.p12.B1.fa",1," 1"
"154","p12.B10","068.p12.B10.fa",1," 1"
"155","p12.B11","005.p12.B11.fa",1," 1"
"156","p12.B2","001.p12.B2.fa",1," 1"
"157","p12.B3","025.p12.B3.fa",1," 1"
"158","p12.B5","059.p12.B5.fa",1," 1"
"159","p12.B6","060.p12.B6.fa",1," 1"
"160","p12.B7","214.p12.B7.fa",1," 1"
"161","p12.B8","001.p12.B8.fa",1," 1"
"162","p12.B9","027.p12.B9.fa",1," 1"
"163","p12.C1","050.p12.C1.fa",1," 1"
"164","p12.C10","029.p12.C10.fa",1," 1"
"165","p12.C2","058.p12.C2.fa",1," 1"
"166","p12.C3","071.p12.C3.fa",1," 1"
"167","p12.C5","001.p12.C5.fa",1," 1"
"168","p12.C6","008.p12.C6.fa",1," 1"
"169","p12.C7","012.p12.C7.fa",1," 1"
"170","p12.C8","020.p12.C8.fa",1," 1"
"171","p12.C9","070.p12.C9.fa",1," 1"
"172","p12.D1","019.p12.D1.fa",1," 1"
"173","p12.D12","057.p12.D12.fa",1," 1"
"174","p12.D2","001.p12.D2.fa",1," 1"
"175","p12.D5","035.p12.D5.fa",1," 1"
"176","p12.D6","087.p12.D6.fa",1," 1"
"177","p12.D8","010.p12.D8.fa",1," 1"
"178","p12.D9","016.p12.D9.fa",1," 1"
"179","p12.E1","341.p12.E1.fa",1," 1"
"180","p12.E10","082.p12.E10.fa",1," 1"
"181","p12.E11","372.p12.E11.fa",1," 1"
"182","p12.E2","215.p12.E2.fa",1," 1"
"183","p12.E3","087.p12.E3.fa",1," 1"
"184","p12.E4","029.p12.E4.fa",1," 1"
"185","p12.E5","112.p12.E5.fa",1," 1"
"186","p12.E6","097.p12.E6.fa",1," 1"
"187","p12.E7","007.p12.E7.fa",1," 1"
"188","p12.E8","148.p12.E8.fa",1," 1"
"189","p12.E9","062.p12.E9.fa",1," 1"
"190","p12.F1","001.p12.F1.fa",1," 1"
"191","p12.F10","050.p12.F10.fa",1," 1"
"192","p12.F11","029.p12.F11.fa",1," 1"
"193","p12.F2","013.p12.F2.fa",1," 1"
"194","p12.F3","048.p12.F3.fa",1," 1"
"195","p12.F6","004.p12.F6.fa",1," 1"
"196","p12.F9","052.p12.F9.fa",1," 1"
"197","p12.G1","071.p12.G1.fa",1," 1"
"198","p12.G2","066.p12.G2.fa",1," 1"
"199","p12.G3","069.p12.G3.fa",1," 1"
"200","p12.G4","001.p12.G4.fa",1," 1"
"201","p12.G5","005.p12.G5.fa",1," 1"
"202","p12.G6","212.p12.G6.fa",1," 1"
"203","p12.G7","001.p12.G7.fa",1," 1"
"204","p12.G8","004.p12.G8.fa",1," 1"
"205","p12.H1","067.p12.H1.fa",1," 1"
"206","p12.H10","106.p12.H10.fa",1," 1"
"207","p12.H2","252.p12.H2.fa",1," 1"
"208","p12.H3","091.p12.H3.fa",1," 1"
"209","p12.H4","001.p12.H4.fa",1," 1"
"210","p12.H5","028.p12.H5.fa",1," 1"
"211","p12.H6","016.p12.H6.fa",1," 1"
"212","p12.H8","082.p12.H8.fa",1," 1"
"213","p13.A1","001.p13.A1.fa",1," 1"
"214","p13.A10","029.p13.A10.fa",1," 1"
"215","p13.A11","004.p13.A11.fa",1," 1"
"216","p13.A2","001.p13.A2.fa",1," 1"
"217","p13.A3","009.p13.A3.fa",1," 1"
"218","p13.A4","025.p13.A4.fa",1," 1"
"219","p13.A8","061.p13.A8.fa",1," 1"
"220","p13.B1","025.p13.B1.fa",1," 1"
"221","p13.B10","051.p13.B10.fa",1," 1"
"222","p13.B2","001.p13.B2.fa",1," 1"
"223","p13.B3","021.p13.B3.fa",1," 1"
"226","p13.B6","145.p13.B6.fa",1," 1"
"227","p13.B7","001.p13.B7.fa",1," 1"
"228","p13.B8","051.p13.B8.fa",1," 1"
"229","p13.B9","042.p13.B9.fa",1," 1"
"230","p13.C1","044.p13.C1.fa",1," 1"
"231","p13.C11","007.p13.C11.fa",1," 1"
"232","p13.C12","095.p13.C12.fa",1," 1"
"233","p13.C2","064.p13.C2.fa",1," 1"
"234","p13.C3","072.p13.C3.fa",1," 1"
"235","p13.C5","013.p13.C5.fa",1," 1"
"236","p13.C6","026.p13.C6.fa",1," 1"
"237","p13.C7","005.p13.C7.fa",1," 1"
"238","p13.C8","006.p13.C8.fa",1," 1"
"239","p13.C9","084.p13.C9.fa",1," 1"
"240","p13.D1","014.p13.D1.fa",1," 1"
"241","p13.D10","001.p13.D10.fa",1," 1"
"242","p13.D12","124.p13.D12.fa",1," 1"
"243","p13.D2","032.p13.D2.fa",1," 1"
"244","p13.D3","083.p13.D3.fa",1," 1"
"246","p13.D6","009.p13.D6.fa",1," 1"
"247","p13.D7","022.p13.D7.fa",1," 1"
"248","p13.D8","005.p13.D8.fa",1," 1"
"249","p13.D9","074.p13.D9.fa",1," 1"
"250","p13.E10","024.p13.E10.fa",1," 1"
"251","p13.E11","265.p13.E11.fa",1," 1"
"252","p13.E12","083.p13.E12.fa",1," 1"
"253","p13.E2","083.p13.E2.fa",1," 1"
"254","p13.E3","011.p13.E3.fa",1," 1"
"255","p13.E4","285.p13.E4.fa",1," 1"
"256","p13.E6","001.p13.E6.fa",1," 1"
"257","p13.E7","026.p13.E7.fa",1," 1"
"258","p13.E8","090.p13.E8.fa",1," 1"
"259","p13.E9","005.p13.E9.fa",1," 1"
"260","p13.F10","131.p13.F10.fa",1," 1"
"261","p13.F11","033.p13.F11.fa",1," 1"
"262","p13.F12","021.p13.F12.fa",1," 1"
"263","p13.F2","113.p13.F2.fa",1," 1"
"264","p13.F3","131.p13.F3.fa",1," 1"
"265","p13.F4","009.p13.F4.fa",1," 1"
"266","p13.F6","086.p13.F6.fa",1," 1"
"267","p13.F7","005.p13.F7.fa",1," 1"
"268","p13.F8","078.p13.F8.fa",1," 1"
"269","p13.F9","026.p13.F9.fa",1," 1"
"270","p13.G1","088.p13.G1.fa",1," 1"
"271","p13.G2","081.p13.G2.fa",1," 1"
"272","p13.G3","034.p13.G3.fa",1," 1"
"273","p13.G4","067.p13.G4.fa",1," 1"
"274","p13.G5","045.p13.G5.fa",1," 1"
"275","p13.G6","086.p13.G6.fa",1," 1"
"276","p13.G7","178.p13.G7.fa",1," 1"
"277","p13.G8","005.p13.G8.fa",1," 1"
"278","p13.H10","008.p13.H10.fa",1," 1"
"279","p13.H11","062.p13.H11.fa",1," 1"
"280","p13.H12","009.p13.H12.fa",1," 1"
"281","p13.H2","792.p13.H2.fa",1," 1"
"282","p13.H3","080.p13.H3.fa",1," 1"
"283","p13.H4","004.p13.H4.fa",1," 1"
"284","p13.H5","035.p13.H5.fa",1," 1"
"285","p13.H6","001.p13.H6.fa",1," 1"
"286","p13.H7","014.p13.H7.fa",1," 1"
"287","p2.A1","013.p2.A1.fa",1," 1"
"288","p2.A10","031.p2.A10.fa",1," 1"
"289","p2.A11","028.p2.A11.fa",1," 1"
"290","p2.A2","058.p2.A2.fa",1," 1"
"291","p2.A5","021.p2.A5.fa",1," 1"
"292","p2.A6","010.p2.A6.fa",1," 1"
"293","p2.A7","023.p2.A7.fa",1," 1"
"294","p2.A8","041.p2.A8.fa",1," 1"
"295","p2.A9","026.p2.A9.fa",1," 1"
"296","p2.B1","051.p2.B1.fa",1," 1"
"297","p2.B10","017.p2.B10.fa",1," 1"
"298","p2.B2","013.p2.B2.fa",1," 1"
"299","p2.B3","036.p2.B3.fa",1," 1"
"300","p2.B4","036.p2.B4.fa",1," 1"
"301","p2.B7","014.p2.B7.fa",1," 1"
"302","p2.B8","028.p2.B8.fa",1," 1"
"303","p2.B9","001.p2.B9.fa",1," 1"
"304","p2.C1","035.p2.C1.fa",1," 1"
"305","p2.C10","042.p2.C10.fa",1," 1"
"307","p2.C2","021.p2.C2.fa",1," 1"
"308","p2.C3","039.p2.C3.fa",1," 1"
"310","p2.C5","001.p2.C5.fa",1," 1"
"311","p2.C7","030.p2.C7.fa",1," 1"
"312","p2.C8","001.p2.C8.fa",1," 1"
"313","p2.D1","013.p2.D1.fa",1," 1"
"315","p2.D2","016.p2.D2.fa",1," 1"
"316","p2.D3","022.p2.D3.fa",1," 1"
"317","p2.D5","001.p2.D5.fa",1," 1"
"318","p2.D6","047.p2.D6.fa",1," 1"
"319","p2.D7","021.p2.D7.fa",1," 1"
"320","p2.D8","016.p2.D8.fa",1," 1"
"321","p2.D9","019.p2.D9.fa",1," 1"
"322","p2.E1","007.p2.E1.fa",1," 1"
"323","p2.E2","018.p2.E2.fa",1," 1"
"324","p2.E3","013.p2.E3.fa",1," 1"
"325","p2.E6","044.p2.E6.fa",1," 1"
"326","p2.E7","023.p2.E7.fa",1," 1"
"327","p2.E8","009.p2.E8.fa",1," 1"
"328","p2.E9","043.p2.E9.fa",1," 1"
"329","p2.F10","006.p2.F10.fa",1," 1"
"330","p2.F11","009.p2.F11.fa",1," 1"
"331","p2.F12","022.p2.F12.fa",1," 1"
"332","p2.F2","043.p2.F2.fa",1," 1"
"333","p2.F3","049.p2.F3.fa",1," 1"
"334","p2.F4","050.p2.F4.fa",1," 1"
"335","p2.F5","021.p2.F5.fa",1," 1"
"336","p2.F8","027.p2.F8.fa",1," 1"
"337","p2.F9","005.p2.F9.fa",1," 1"
"338","p2.G3","031.p2.G3.fa",1," 1"
"339","p2.G4","038.p2.G4.fa",1," 1"
"343","p2.G7","038.p2.G7.fa",1," 1"
"344","p2.G8","001.p2.G8.fa",1," 1"
"346","p2.H4","015.p2.H4.fa",1," 1"
"347","p2.H5","029.p2.H5.fa",1," 1"
"349","p2.H7","037.p2.H7.fa",1," 1"
"350","p2.H8","001.p2.H8.fa",1," 1"
"351","p20.A1","029.p20.A1.fa",1," 1"
"352","p20.A11","047.p20.A11.fa",1," 1"
"353","p20.A12","021.p20.A12.fa",1," 1"
"354","p20.A2","070.p20.A2.fa",1," 1"
"355","p20.A3","061.p20.A3.fa",1," 1"
"356","p20.A4","025.p20.A4.fa",1," 1"
"357","p20.A5","027.p20.A5.fa",1," 1"
"358","p20.A7","051.p20.A7.fa",1," 1"
"359","p20.A8","025.p20.A8.fa",1," 1"
"360","p20.B1","034.p20.B1.fa",1," 1"
"361","p20.B11","047.p20.B11.fa",1," 1"
"362","p20.B12","054.p20.B12.fa",1," 1"
"363","p20.B2","087.p20.B2.fa",1," 1"
"364","p20.B3","029.p20.B3.fa",1," 1"
"365","p20.B4","038.p20.B4.fa",1," 1"
"366","p20.B5","001.p20.B5.fa",1," 1"
"367","p20.B7","016.p20.B7.fa",1," 1"
"368","p20.B8","027.p20.B8.fa",1," 1"
"369","p20.C1","138.p20.C1.fa",1," 1"
"370","p20.C10","026.p20.C10.fa",1," 1"
"371","p20.C11","017.p20.C11.fa",1," 1"
"372","p20.C12","004.p20.C12.fa",1," 1"
"373","p20.C2","006.p20.C2.fa",1," 1"
"374","p20.C3","051.p20.C3.fa",1," 1"
"375","p20.C4","026.p20.C4.fa",1," 1"
"376","p20.C5","001.p20.C5.fa",1," 1"
"377","p20.C7","022.p20.C7.fa",1," 1"
"378","p20.C9","003.p20.C9.fa",1," 1"
"379","p20.D1","017.p20.D1.fa",1," 1"
"380","p20.D10","012.p20.D10.fa",1," 1"
"381","p20.D11","010.p20.D11.fa",1," 1"
"382","p20.D12","004.p20.D12.fa",1," 1"
"383","p20.D2","054.p20.D2.fa",1," 1"
"384","p20.D3","020.p20.D3.fa",1," 1"
"385","p20.D4","017.p20.D4.fa",1," 1"
"386","p20.D5","069.p20.D5.fa",1," 1"
"387","p20.D7","047.p20.D7.fa",1," 1"
"388","p20.D8","015.p20.D8.fa",1," 1"
"389","p20.E1","005.p20.E1.fa",1," 1"
"390","p20.E10","004.p20.E10.fa",1," 1"
"391","p20.E11","028.p20.E11.fa",1," 1"
"392","p20.E12","056.p20.E12.fa",1," 1"
"393","p20.E2","082.p20.E2.fa",1," 1"
"394","p20.E3","017.p20.E3.fa",1," 1"
"395","p20.E4","026.p20.E4.fa",1," 1"
"396","p20.E5","001.p20.E5.fa",1," 1"
"397","p20.E7","074.p20.E7.fa",1," 1"
"398","p20.E8","001.p20.E8.fa",1," 1"
"399","p20.E9","008.p20.E9.fa",1," 1"
"400","p20.F1","005.p20.F1.fa",1," 1"
"401","p20.F10","028.p20.F10.fa",1," 1"
"402","p20.F11","022.p20.F11.fa",1," 1"
"403","p20.F12","021.p20.F12.fa",1," 1"
"404","p20.F2","029.p20.F2.fa",1," 1"
"405","p20.F3","046.p20.F3.fa",1," 1"
"406","p20.F4","003.p20.F4.fa",1," 1"
"407","p20.F5","001.p20.F5.fa",1," 1"
"408","p20.F8","011.p20.F8.fa",1," 1"
"409","p20.F9","013.p20.F9.fa",1," 1"
"410","p20.G1","068.p20.G1.fa",1," 1"
"411","p20.G10","004.p20.G10.fa",1," 1"
"412","p20.G11","024.p20.G11.fa",1," 1"
"413","p20.G12","051.p20.G12.fa",1," 1"
"414","p20.G2","041.p20.G2.fa",1," 1"
"415","p20.G3","024.p20.G3.fa",1," 1"
"416","p20.G4","006.p20.G4.fa",1," 1"
"417","p20.G5","001.p20.G5.fa",1," 1"
"418","p20.G7","023.p20.G7.fa",1," 1"
"419","p20.G8","041.p20.G8.fa",1," 1"
"420","p20.G9","039.p20.G9.fa",1," 1"
"421","p20.H1","106.p20.H1.fa",1," 1"
"422","p20.H10","036.p20.H10.fa",1," 1"
"423","p20.H11","059.p20.H11.fa",1," 1"
"424","p20.H12","005.p20.H12.fa",1," 1"
"425","p20.H2","035.p20.H2.fa",1," 1"
"426","p20.H3","067.p20.H3.fa",1," 1"
"427","p20.H4","021.p20.H4.fa",1," 1"
"428","p20.H5","001.p20.H5.fa",1," 1"
"429","p20.H7","084.p20.H7.fa",1," 1"
"430","p20.H8","025.p20.H8.fa",1," 1"
"431","p20.H9","065.p20.H9.fa",1," 1"
"432","p21.A1","005.p21.A1.fa",1," 1"
"433","p21.A10","013.p21.A10.fa",1," 1"
"434","p21.A11","024.p21.A11.fa",1," 1"
"435","p21.A12","075.p21.A12.fa",1," 1"
"436","p21.A2","027.p21.A2.fa",1," 1"
"437","p21.A3","031.p21.A3.fa",1," 1"
"438","p21.A4","020.p21.A4.fa",1," 1"
"439","p21.A5","048.p21.A5.fa",1," 1"
"440","p21.A7","029.p21.A7.fa",1," 1"
"441","p21.A8","003.p21.A8.fa",1," 1"
"442","p21.A9","035.p21.A9.fa",1," 1"
"443","p21.B1","066.p21.B1.fa",1," 1"
"444","p21.B10","081.p21.B10.fa",1," 1"
"445","p21.B11","013.p21.B11.fa",1," 1"
"446","p21.B12","019.p21.B12.fa",1," 1"
"447","p21.B2","054.p21.B2.fa",1," 1"
"448","p21.B3","034.p21.B3.fa",1," 1"
"449","p21.B4","014.p21.B4.fa",1," 1"
"450","p21.B5","001.p21.B5.fa",1," 1"
"451","p21.B7","003.p21.B7.fa",1," 1"
"452","p21.B8","004.p21.B8.fa",1," 1"
"453","p21.B9","037.p21.B9.fa",1," 1"
"454","p21.C1","011.p21.C1.fa",1," 1"
"455","p21.C10","064.p21.C10.fa",1," 1"
"456","p21.C11","033.p21.C11.fa",1," 1"
"457","p21.C12","013.p21.C12.fa",1," 1"
"458","p21.C2","003.p21.C2.fa",1," 1"
"459","p21.C3","061.p21.C3.fa",1," 1"
"460","p21.C4","012.p21.C4.fa",1," 1"
"461","p21.C5","002.p21.C5.fa",1," 1"
"462","p21.C7","003.p21.C7.fa",1," 1"
"463","p21.C8","003.p21.C8.fa",1," 1"
"464","p21.C9","024.p21.C9.fa",1," 1"
"465","p21.D1","004.p21.D1.fa",1," 1"
"466","p21.D10","045.p21.D10.fa",1," 1"
"467","p21.D11","032.p21.D11.fa",1," 1"
"468","p21.D2","073.p21.D2.fa",1," 1"
"469","p21.D3","044.p21.D3.fa",1," 1"
"470","p21.D4","052.p21.D4.fa",1," 1"
"471","p21.D5","004.p21.D5.fa",1," 1"
"472","p21.D7","007.p21.D7.fa",1," 1"
"473","p21.D8","018.p21.D8.fa",1," 1"
"474","p21.D9","004.p21.D9.fa",1," 1"
"475","p21.E1","012.p21.E1.fa",1," 1"
"476","p21.E10","017.p21.E10.fa",1," 1"
"477","p21.E11","046.p21.E11.fa",1," 1"
"478","p21.E12","015.p21.E12.fa",1," 1"
"479","p21.E2","001.p21.E2.fa",1," 1"
"480","p21.E3","046.p21.E3.fa",1," 1"
"481","p21.E4","005.p21.E4.fa",1," 1"
"482","p21.E5","019.p21.E5.fa",1," 1"
"483","p21.E7","046.p21.E7.fa",1," 1"
"484","p21.E8","015.p21.E8.fa",1," 1"
"485","p21.E9","009.p21.E9.fa",1," 1"
"486","p21.F1","063.p21.F1.fa",1," 1"
"487","p21.F10","047.p21.F10.fa",1," 1"
"488","p21.F11","006.p21.F11.fa",1," 1"
"489","p21.F12","030.p21.F12.fa",1," 1"
"490","p21.F2","082.p21.F2.fa",1," 1"
"491","p21.F3","024.p21.F3.fa",1," 1"
"492","p21.F4","015.p21.F4.fa",1," 1"
"493","p21.F5","043.p21.F5.fa",1," 1"
"494","p21.F7","039.p21.F7.fa",1," 1"
"495","p21.F8","038.p21.F8.fa",1," 1"
"496","p21.F9","001.p21.F9.fa",1," 1"
"497","p21.G1","059.p21.G1.fa",1," 1"
"498","p21.G10","030.p21.G10.fa",1," 1"
"499","p21.G11","021.p21.G11.fa",1," 1"
"500","p21.G12","035.p21.G12.fa",1," 1"
"501","p21.G2","022.p21.G2.fa",1," 1"
"502","p21.G3","028.p21.G3.fa",1," 1"
"503","p21.G4","009.p21.G4.fa",1," 1"
"504","p21.G5","004.p21.G5.fa",1," 1"
"505","p21.G7","045.p21.G7.fa",1," 1"
"506","p21.G8","018.p21.G8.fa",1," 1"
"507","p21.G9","046.p21.G9.fa",1," 1"
"508","p21.H1","005.p21.H1.fa",1," 1"
"509","p21.H10","011.p21.H10.fa",1," 1"
"510","p21.H11","037.p21.H11.fa",1," 1"
"511","p21.H12","036.p21.H12.fa",1," 1"
"512","p21.H2","001.p21.H2.fa",1," 1"
"513","p21.H3","024.p21.H3.fa",1," 1"
"514","p21.H4","014.p21.H4.fa",1," 1"
"515","p21.H5","041.p21.H5.fa",1," 1"
"516","p21.H7","041.p21.H7.fa",1," 1"
"517","p21.H8","003.p21.H8.fa",1," 1"
"518","p21.H9","003.p21.H9.fa",1," 1"
"519","p22.A1","027.p22.A1.fa",1," 1"
"520","p22.A2","026.p22.A2.fa",1," 1"
"521","p22.A3","015.p22.A3.fa",1," 1"
"522","p22.A4","042.p22.A4.fa",1," 1"
"523","p22.A5","036.p22.A5.fa",1," 1"
"524","p22.A7","019.p22.A7.fa",1," 1"
"525","p22.A8","034.p22.A8.fa",1," 1"
"526","p22.B1","024.p22.B1.fa",1," 1"
"527","p22.B2","001.p22.B2.fa",1," 1"
"528","p22.B3","040.p22.B3.fa",1," 1"
"529","p22.B4","001.p22.B4.fa",1," 1"
"530","p22.B5","035.p22.B5.fa",1," 1"
"531","p22.B7","020.p22.B7.fa",1," 1"
"532","p22.B8","039.p22.B8.fa",1," 1"
"533","p22.C1","069.p22.C1.fa",1," 1"
"534","p22.C2","044.p22.C2.fa",1," 1"
"535","p22.C3","018.p22.C3.fa",1," 1"
"536","p22.C4","001.p22.C4.fa",1," 1"
"537","p22.C5","051.p22.C5.fa",1," 1"
"538","p22.C7","019.p22.C7.fa",1," 1"
"539","p22.C8","003.p22.C8.fa",1," 1"
"540","p22.D1","258.p22.D1.fa",1," 1"
"541","p22.D3","258.p22.D3.fa",1," 1"
"542","p22.D4","360.p22.D4.fa",1," 1"
"543","p22.E1","048.p22.E1.fa",1," 1"
"544","p22.E2","001.p22.E2.fa",1," 1"
"545","p22.E3","061.p22.E3.fa",1," 1"
"546","p22.E4","045.p22.E4.fa",1," 1"
"547","p22.E5","015.p22.E5.fa",1," 1"
"548","p22.E7","002.p22.E7.fa",1," 1"
"549","p22.F1","026.p22.F1.fa",1," 1"
"550","p22.F2","001.p22.F2.fa",1," 1"
"551","p22.F3","041.p22.F3.fa",1," 1"
"552","p22.F4","048.p22.F4.fa",1," 1"
"553","p22.F5","024.p22.F5.fa",1," 1"
"554","p22.F7","030.p22.F7.fa",1," 1"
"555","p22.G1","034.p22.G1.fa",1," 1"
"556","p22.G2","001.p22.G2.fa",1," 1"
"557","p22.G3","001.p22.G3.fa",1," 1"
"558","p22.G4","016.p22.G4.fa",1," 1"
"559","p22.G5","040.p22.G5.fa",1," 1"
"560","p22.G7","015.p22.G7.fa",1," 1"
"561","p22.H1","011.p22.H1.fa",1," 1"
"562","p22.H2","001.p22.H2.fa",1," 1"
"563","p22.H3","051.p22.H3.fa",1," 1"
"564","p22.H4","043.p22.H4.fa",1," 1"
"565","p22.H5","016.p22.H5.fa",1," 1"
"566","p23.A1","009.p23.A1.fa",1," 1"
"567","p23.A2","054.p23.A2.fa",1," 1"
"568","p23.A3","020.p23.A3.fa",1," 1"
"570","p23.A6","076.p23.A6.fa",1," 1"
"571","p23.A7","069.p23.A7.fa",1," 1"
"572","p23.A8","056.p23.A8.fa",1," 1"
"573","p23.A9","056.p23.A9.fa",1," 1"
"574","p23.B1","004.p23.B1.fa",1," 1"
"575","p23.B2","041.p23.B2.fa",1," 1"
"576","p23.B3","042.p23.B3.fa",1," 1"
"577","p23.B5","067.p23.B5.fa",1," 1"
"578","p23.B6","018.p23.B6.fa",1," 1"
"579","p23.B7","033.p23.B7.fa",1," 1"
"580","p23.B8","088.p23.B8.fa",1," 1"
"581","p23.B9","001.p23.B9.fa",1," 1"
"582","p23.C1","002.p23.C1.fa",1," 1"
"583","p23.C2","042.p23.C2.fa",1," 1"
"584","p23.C3","011.p23.C3.fa",1," 1"
"585","p23.C4","005.p23.C4.fa",1," 1"
"586","p23.C5","073.p23.C5.fa",1," 1"
"587","p23.C7","035.p23.C7.fa",1," 1"
"588","p23.C8","071.p23.C8.fa",1," 1"
"589","p23.C9","070.p23.C9.fa",1," 1"
"590","p23.D1","011.p23.D1.fa",1," 1"
"591","p23.D2","025.p23.D2.fa",1," 1"
"592","p23.D3","051.p23.D3.fa",1," 1"
"593","p23.D4","007.p23.D4.fa",1," 1"
"594","p23.D5","074.p23.D5.fa",1," 1"
"595","p23.D6","057.p23.D6.fa",1," 1"
"596","p23.D9","001.p23.D9.fa",1," 1"
"597","p23.E1","058.p23.E1.fa",1," 1"
"598","p23.E2","054.p23.E2.fa",1," 1"
"600","p23.E6","001.p23.E6.fa",1," 1"
"601","p23.E7","030.p23.E7.fa",1," 1"
"602","p23.E9","079.p23.E9.fa",1," 1"
"603","p23.F1","001.p23.F1.fa",1," 1"
"604","p23.F2","001.p23.F2.fa",1," 1"
"606","p23.F5","001.p23.F5.fa",1," 1"
"607","p23.F6","024.p23.F6.fa",1," 1"
"608","p23.F9","043.p23.F9.fa",1," 1"
"609","p23.G1","001.p23.G1.fa",1," 1"
"610","p23.G2","007.p23.G2.fa",1," 1"
"612","p23.G5","080.p23.G5.fa",1," 1"
"613","p23.G6","007.p23.G6.fa",1," 1"
"615","p23.G9","071.p23.G9.fa",1," 1"
"616","p23.H1","001.p23.H1.fa",1," 1"
"617","p23.H2","004.p23.H2.fa",1," 1"
"619","p23.H5","001.p23.H5.fa",1," 1"
"620","p23.H6","004.p23.H6.fa",1," 1"
"622","p23.H9","001.p23.H9.fa",1," 1"
"623","p24.A1","039.p24.A1.fa",1," 1"
"624","p24.A11","057.p24.A11.fa",1," 1"
"625","p24.A12","024.p24.A12.fa",1," 1"
"626","p24.A3","046.p24.A3.fa",1," 1"
"627","p24.A4","003.p24.A4.fa",1," 1"
"628","p24.A5","001.p24.A5.fa",1," 1"
"629","p24.A7","046.p24.A7.fa",1," 1"
"630","p24.A8","036.p24.A8.fa",1," 1"
"631","p24.A9","030.p24.A9.fa",1," 1"
"632","p24.B1","035.p24.B1.fa",1," 1"
"633","p24.B10","042.p24.B10.fa",1," 1"
"634","p24.B11","060.p24.B11.fa",1," 1"
"635","p24.B12","047.p24.B12.fa",1," 1"
"636","p24.B3","048.p24.B3.fa",1," 1"
"637","p24.B4","022.p24.B4.fa",1," 1"
"638","p24.B5","001.p24.B5.fa",1," 1"
"639","p24.B7","086.p24.B7.fa",1," 1"
"640","p24.B8","012.p24.B8.fa",1," 1"
"641","p24.B9","025.p24.B9.fa",1," 1"
"642","p24.C1","008.p24.C1.fa",1," 1"
"643","p24.C10","037.p24.C10.fa",1," 1"
"644","p24.C11","015.p24.C11.fa",1," 1"
"645","p24.C12","021.p24.C12.fa",1," 1"
"646","p24.C2","017.p24.C2.fa",1," 1"
"647","p24.C3","024.p24.C3.fa",1," 1"
"648","p24.C4","003.p24.C4.fa",1," 1"
"649","p24.C5","001.p24.C5.fa",1," 1"
"650","p24.C5","018.p24.C5.fa",1," 1"
"651","p24.C7","006.p24.C7.fa",1," 1"
"652","p24.C8","010.p24.C8.fa",1," 1"
"653","p24.C9","006.p24.C9.fa",1," 1"
"654","p24.D1","005.p24.D1.fa",1," 1"
"655","p24.D11","018.p24.D11.fa",1," 1"
"656","p24.D12","033.p24.D12.fa",1," 1"
"657","p24.D2","010.p24.D2.fa",1," 1"
"658","p24.D3","048.p24.D3.fa",1," 1"
"659","p24.D4","029.p24.D4.fa",1," 1"
"660","p24.D5","001.p24.D5.fa",1," 1"
"661","p24.D7","009.p24.D7.fa",1," 1"
"662","p24.D8","068.p24.D8.fa",1," 1"
"663","p24.D9","012.p24.D9.fa",1," 1"
"664","p24.E1","003.p24.E1.fa",1," 1"
"665","p24.E10","042.p24.E10.fa",1," 1"
"666","p24.E11","239.p24.E11.fa",1," 1"
"667","p24.E12","021.p24.E12.fa",1," 1"
"668","p24.E2","001.p24.E2.fa",1," 1"
"669","p24.E3","006.p24.E3.fa",1," 1"
"670","p24.E4","033.p24.E4.fa",1," 1"
"671","p24.E5","001.p24.E5.fa",1," 1"
"672","p24.E7","031.p24.E7.fa",1," 1"
"673","p24.E8","065.p24.E8.fa",1," 1"
"674","p24.E9","048.p24.E9.fa",1," 1"
"675","p24.F1","002.p24.F1.fa",1," 1"
"676","p24.F11","045.p24.F11.fa",1," 1"
"677","p24.F12","005.p24.F12.fa",1," 1"
"678","p24.F2","042.p24.F2.fa",1," 1"
"679","p24.F3","017.p24.F3.fa",1," 1"
"680","p24.F4","004.p24.F4.fa",1," 1"
"681","p24.F5","001.p24.F5.fa",1," 1"
"682","p24.F7","168.p24.F7.fa",1," 1"
"683","p24.F8","054.p24.F8.fa",1," 1"
"684","p24.F9","050.p24.F9.fa",1," 1"
"685","p24.G1","003.p24.G1.fa",1," 1"
"686","p24.G11","049.p24.G11.fa",1," 1"
"687","p24.G12","003.p24.G12.fa",1," 1"
"688","p24.G2","016.p24.G2.fa",1," 1"
"689","p24.G3","040.p24.G3.fa",1," 1"
"690","p24.G4","009.p24.G4.fa",1," 1"
"691","p24.G5","001.p24.G5.fa",1," 1"
"692","p24.G7","023.p24.G7.fa",1," 1"
"693","p24.G8","020.p24.G8.fa",1," 1"
"694","p24.G9","008.p24.G9.fa",1," 1"
"695","p24.H1","003.p24.H1.fa",1," 1"
"696","p24.H10","028.p24.H10.fa",1," 1"
"697","p24.H11","028.p24.H11.fa",1," 1"
"698","p24.H2","079.p24.H2.fa",1," 1"
"699","p24.H3","043.p24.H3.fa",1," 1"
"700","p24.H4","013.p24.H4.fa",1," 1"
"701","p24.H5","005.p24.H5.fa",1," 1"
"702","p24.H6","020.p24.H6.fa",1," 1"
"703","p24.H7","091.p24.H7.fa",1," 1"
"704","p24.H8","027.p24.H8.fa",1," 1"
"705","p24.H9","005.p24.H9.fa",1," 1"
"706","p25.A1","031.p25.A1.fa",1," 1"
"707","p25.A10","030.p25.A10.fa",1," 1"
"708","p25.A11","046.p25.A11.fa",1," 1"
"709","p25.A12","136.p25.A12.fa",1," 1"
"710","p25.A12","007.p25.A12.fa",1," 1"
"711","p25.A2","033.p25.A2.fa",1," 1"
"712","p25.A3","013.p25.A3.fa",1," 1"
"713","p25.A4","014.p25.A4.fa",1," 1"
"714","p25.A5","001.p25.A5.fa",1," 1"
"715","p25.A7","033.p25.A7.fa",1," 1"
"716","p25.A8","010.p25.A8.fa",1," 1"
"717","p25.A9","019.p25.A9.fa",1," 1"
"718","p25.B1","148.p25.B1.fa",1," 1"
"719","p25.B10","029.p25.B10.fa",1," 1"
"720","p25.B11","032.p25.B11.fa",1," 1"
"721","p25.B12","012.p25.B12.fa",1," 1"
"722","p25.B2","877.p25.B2.fa",1," 1"
"723","p25.B3","027.p25.B3.fa",1," 1"
"724","p25.B4","043.p25.B4.fa",1," 1"
"725","p25.B5","029.p25.B5.fa",1," 1"
"726","p25.B7","030.p25.B7.fa",1," 1"
"727","p25.B8","025.p25.B8.fa",1," 1"
"728","p25.B9","030.p25.B9.fa",1," 1"
"729","p25.C1","019.p25.C1.fa",1," 1"
"730","p25.C10","015.p25.C10.fa",1," 1"
"731","p25.C11","125.p25.C11.fa",1," 1"
"732","p25.C12","012.p25.C12.fa",1," 1"
"733","p25.C2","022.p25.C2.fa",1," 1"
"734","p25.C3","026.p25.C3.fa",1," 1"
"735","p25.C4","024.p25.C4.fa",1," 1"
"736","p25.C5","023.p25.C5.fa",1," 1"
"737","p25.C7","004.p25.C7.fa",1," 1"
"738","p25.C8","027.p25.C8.fa",1," 1"
"739","p25.C9","021.p25.C9.fa",1," 1"
"740","p25.D1","001.p25.D1.fa",1," 1"
"741","p25.D10","012.p25.D10.fa",1," 1"
"742","p25.D11","028.p25.D11.fa",1," 1"
"743","p25.D12","030.p25.D12.fa",1," 1"
"744","p25.D2","662.p25.D2.fa",1," 1"
"745","p25.D3","038.p25.D3.fa",1," 1"
"746","p25.D4","098.p25.D4.fa",1," 1"
"747","p25.D5","004.p25.D5.fa",1," 1"
"748","p25.D7","013.p25.D7.fa",1," 1"
"749","p25.D8","039.p25.D8.fa",1," 1"
"750","p25.D9","012.p25.D9.fa",1," 1"
"751","p25.E1","052.p25.E1.fa",1," 1"
"752","p25.E10","061.p25.E10.fa",1," 1"
"753","p25.E11","046.p25.E11.fa",1," 1"
"754","p25.E12","013.p25.E12.fa",1," 1"
"755","p25.E2","055.p25.E2.fa",1," 1"
"756","p25.E3","023.p25.E3.fa",1," 1"
"757","p25.E4","026.p25.E4.fa",1," 1"
"758","p25.E5","030.p25.E5.fa",1," 1"
"759","p25.E7","008.p25.E7.fa",1," 1"
"760","p25.E8","025.p25.E8.fa",1," 1"
"761","p25.E9","001.p25.E9.fa",1," 1"
"762","p25.F1","045.p25.F1.fa",1," 1"
"763","p25.F10","014.p25.F10.fa",1," 1"
"764","p25.F11","005.p25.F11.fa",1," 1"
"765","p25.F12","008.p25.F12.fa",1," 1"
"766","p25.F2","018.p25.F2.fa",1," 1"
"767","p25.F3","041.p25.F3.fa",1," 1"
"768","p25.F4","001.p25.F4.fa",1," 1"
"769","p25.F5","005.p25.F5.fa",1," 1"
"770","p25.F7","034.p25.F7.fa",1," 1"
"771","p25.F8","028.p25.F8.fa",1," 1"
"772","p25.F9","031.p25.F9.fa",1," 1"
"773","p25.G1","004.p25.G1.fa",1," 1"
"774","p25.G10","025.p25.G10.fa",1," 1"
"775","p25.G11","029.p25.G11.fa",1," 1"
"776","p25.G12","007.p25.G12.fa",1," 1"
"777","p25.G2","060.p25.G2.fa",1," 1"
"778","p25.G3","052.p25.G3.fa",1," 1"
"779","p25.G4","016.p25.G4.fa",1," 1"
"780","p25.G5","048.p25.G5.fa",1," 1"
"781","p25.G7","002.p25.G7.fa",1," 1"
"782","p25.G8","041.p25.G8.fa",1," 1"
"783","p25.G9","014.p25.G9.fa",1," 1"
"784","p25.H1","001.p25.H1.fa",1," 1"
"785","p25.H10","019.p25.H10.fa",1," 1"
"786","p25.H11","031.p25.H11.fa",1," 1"
"787","p25.H12","027.p25.H12.fa",1," 1"
"788","p25.H2","046.p25.H2.fa",1," 1"
"789","p25.H3","045.p25.H3.fa",1," 1"
"790","p25.H4","022.p25.H4.fa",1," 1"
"791","p25.H5","021.p25.H5.fa",1," 1"
"792","p25.H7","009.p25.H7.fa",1," 1"
"793","p25.H8","027.p25.H8.fa",1," 1"
"794","p25.H9","033.p25.H9.fa",1," 1"
"795","p26.A1","063.p26.A1.fa",1," 1"
"796","p26.A10","051.p26.A10.fa",1," 1"
"797","p26.A2","001.p26.A2.fa",1," 1"
"798","p26.A4","006.p26.A4.fa",1," 1"
"799","p26.A5","021.p26.A5.fa",1," 1"
"800","p26.A7","059.p26.A7.fa",1," 1"
"801","p26.A8","031.p26.A8.fa",1," 1"
"802","p26.A9","054.p26.A9.fa",1," 1"
"803","p26.B1","027.p26.B1.fa",1," 1"
"804","p26.B10","019.p26.B10.fa",1," 1"
"805","p26.B2","001.p26.B2.fa",1," 1"
"806","p26.B3","403.p26.B3.fa",1," 1"
"807","p26.B4","037.p26.B4.fa",1," 1"
"808","p26.B5","020.p26.B5.fa",1," 1"
"809","p26.B6","027.p26.B6.fa",1," 1"
"810","p26.B7","096.p26.B7.fa",1," 1"
"811","p26.B8","018.p26.B8.fa",1," 1"
"812","p26.C1","014.p26.C1.fa",1," 1"
"814","p26.C2","001.p26.C2.fa",1," 1"
"815","p26.C3","001.p26.C3.fa",1," 1"
"816","p26.C4","053.p26.C4.fa",1," 1"
"817","p26.C5","020.p26.C5.fa",1," 1"
"818","p26.C7","001.p26.C7.fa",1," 1"
"820","p26.D1","013.p26.D1.fa",1," 1"
"821","p26.D2","388.p26.D2.fa",1," 1"
"822","p26.D3","055.p26.D3.fa",1," 1"
"823","p26.D4","041.p26.D4.fa",1," 1"
"824","p26.D5","065.p26.D5.fa",1," 1"
"825","p26.D6","403.p26.D6.fa",1," 1"
"826","p26.D6","524.p26.D6.fa",1," 1"
"827","p26.D7","079.p26.D7.fa",1," 1"
"828","p26.D8","101.p26.D8.fa",1," 1"
"829","p26.E1","021.p26.E1.fa",1," 1"
"830","p26.E10","082.p26.E10.fa",1," 1"
"831","p26.E2","001.p26.E2.fa",1," 1"
"832","p26.E3","049.p26.E3.fa",1," 1"
"833","p26.E4","067.p26.E4.fa",1," 1"
"834","p26.E5","049.p26.E5.fa",1," 1"
"835","p26.E6","009.p26.E6.fa",1," 1"
"836","p26.E7","001.p26.E7.fa",1," 1"
"837","p26.E8","067.p26.E8.fa",1," 1"
"838","p26.E9","001.p26.E9.fa",1," 1"
"839","p26.F1","025.p26.F1.fa",1," 1"
"840","p26.F10","001.p26.F10.fa",1," 1"
"841","p26.F2","001.p26.F2.fa",1," 1"
"842","p26.F3","011.p26.F3.fa",1," 1"
"843","p26.F4","013.p26.F4.fa",1," 1"
"844","p26.F5","017.p26.F5.fa",1," 1"
"845","p26.F8","004.p26.F8.fa",1," 1"
"846","p26.F9","013.p26.F9.fa",1," 1"
"847","p26.F9","092.p26.F9.fa",1," 1"
"848","p26.G1","010.p26.G1.fa",1," 1"
"849","p26.G10","045.p26.G10.fa",1," 1"
"850","p26.G2","134.p26.G2.fa",1," 1"
"851","p26.G3","026.p26.G3.fa",1," 1"
"852","p26.G4","026.p26.G4.fa",1," 1"
"853","p26.G5","037.p26.G5.fa",1," 1"
"854","p26.G6","001.p26.G6.fa",1," 1"
"855","p26.G7","001.p26.G7.fa",1," 1"
"856","p26.G8","009.p26.G8.fa",1," 1"
"857","p26.G9","001.p26.G9.fa",1," 1"
"858","p26.H1","041.p26.H1.fa",1," 1"
"859","p26.H2","001.p26.H2.fa",1," 1"
"860","p26.H3","198.p26.H3.fa",1," 1"
"861","p26.H4","027.p26.H4.fa",1," 1"
"862","p26.H5","037.p26.H5.fa",1," 1"
"863","p26.H6","001.p26.H6.fa",1," 1"
"864","p26.H7","008.p26.H7.fa",1," 1"
"865","p26.H8","003.p26.H8.fa",1," 1"
"866","p26.H9","012.p26.H9.fa",1," 1"
"867","p27.A1","001.p27.A1.fa",1," 1"
"868","p27.A2","001.p27.A2.fa",1," 1"
"869","p27.A3","044.p27.A3.fa",1," 1"
"870","p27.A6","005.p27.A6.fa",1," 1"
"871","p27.A7","025.p27.A7.fa",1," 1"
"872","p27.B1","039.p27.B1.fa",1," 1"
"873","p27.B2","005.p27.B2.fa",1," 1"
"874","p27.B3","005.p27.B3.fa",1," 1"
"875","p27.B4","077.p27.B4.fa",1," 1"
"876","p27.B6","032.p27.B6.fa",1," 1"
"877","p27.B7","011.p27.B7.fa",1," 1"
"879","p27.C6","037.p27.C6.fa",1," 1"
"880","p27.D5","114.p27.D5.fa",1," 1"
"881","p27.D6","044.p27.D6.fa",1," 1"
"882","p27.E1","032.p27.E1.fa",1," 1"
"883","p27.E2","001.p27.E2.fa",1," 1"
"884","p27.E5","001.p27.E5.fa",1," 1"
"885","p27.E6","070.p27.E6.fa",1," 1"
"886","p27.F2","026.p27.F2.fa",1," 1"
"887","p27.F3","061.p27.F3.fa",1," 1"
"888","p27.F4","001.p27.F4.fa",1," 1"
"889","p27.F5","005.p27.F5.fa",1," 1"
"890","p27.F6","054.p27.F6.fa",1," 1"
"891","p27.G3","072.p27.G3.fa",1," 1"
"892","p27.G5","018.p27.G5.fa",1," 1"
"893","p27.G6","020.p27.G6.fa",1," 1"
"894","p27.H4","004.p27.H4.fa",1," 1"
"895","p27.H5","027.p27.H5.fa",1," 1"
"896","p3.A1","004.p3.A1.fa",1," 1"
"897","p3.A10","062.p3.A10.fa",1," 1"
"898","p3.A11","064.p3.A11.fa",1," 1"
"899","p3.A12","103.p3.A12.fa",1," 1"
"900","p3.A2","044.p3.A2.fa",1," 1"
"901","p3.A3","155.p3.A3.fa",1," 1"
"902","p3.A4","013.p3.A4.fa",1," 1"
"903","p3.A5","008.p3.A5.fa",1," 1"
"904","p3.A6","014.p3.A6.fa",1," 1"
"905","p3.A7","015.p3.A7.fa",1," 1"
"906","p3.A8","001.p3.A8.fa",1," 1"
"907","p3.A9","028.p3.A9.fa",1," 1"
"908","p3.B1","042.p3.B1.fa",1," 1"
"909","p3.B10","043.p3.B10.fa",1," 1"
"910","p3.B11","003.p3.B11.fa",1," 1"
"911","p3.B12","273.p3.B12.fa",1," 1"
"912","p3.B2","042.p3.B2.fa",1," 1"
"913","p3.B4","003.p3.B4.fa",1," 1"
"914","p3.B5","050.p3.B5.fa",1," 1"
"915","p3.B6","004.p3.B6.fa",1," 1"
"916","p3.B7","014.p3.B7.fa",1," 1"
"917","p3.B8","001.p3.B8.fa",1," 1"
"918","p3.B9","033.p3.B9.fa",1," 1"
"919","p3.C1","001.p3.C1.fa",1," 1"
"920","p3.C10","043.p3.C10.fa",1," 1"
"921","p3.C11","023.p3.C11.fa",1," 1"
"922","p3.C12","046.p3.C12.fa",1," 1"
"923","p3.C2","018.p3.C2.fa",1," 1"
"924","p3.C3","015.p3.C3.fa",1," 1"
"925","p3.C4","031.p3.C4.fa",1," 1"
"926","p3.C6","006.p3.C6.fa",1," 1"
"927","p3.C8","001.p3.C8.fa",1," 1"
"928","p3.C9","025.p3.C9.fa",1," 1"
"929","p3.D1","016.p3.D1.fa",1," 1"
"930","p3.D10","016.p3.D10.fa",1," 1"
"931","p3.D11","041.p3.D11.fa",1," 1"
"932","p3.D2","037.p3.D2.fa",1," 1"
"933","p3.D4","025.p3.D4.fa",1," 1"
"935","p3.D6","061.p3.D6.fa",1," 1"
"936","p3.D8","002.p3.D8.fa",1," 1"
"937","p3.D9","030.p3.D9.fa",1," 1"
"938","p3.E10","001.p3.E10.fa",1," 1"
"939","p3.E11","035.p3.E11.fa",1," 1"
"940","p3.E2","018.p3.E2.fa",1," 1"
"941","p3.E4","003.p3.E4.fa",1," 1"
"942","p3.E5","016.p3.E5.fa",1," 1"
"943","p3.E6","043.p3.E6.fa",1," 1"
"944","p3.E7","001.p3.E7.fa",1," 1"
"945","p3.E8","002.p3.E8.fa",1," 1"
"946","p3.E9","001.p3.E9.fa",1," 1"
"947","p3.F1","004.p3.F1.fa",1," 1"
"948","p3.F10","042.p3.F10.fa",1," 1"
"949","p3.F11","031.p3.F11.fa",1," 1"
"950","p3.F12","012.p3.F12.fa",1," 1"
"951","p3.F2","001.p3.F2.fa",1," 1"
"952","p3.F5","023.p3.F5.fa",1," 1"
"953","p3.F6","242.p3.F6.fa",1," 1"
"954","p3.F7","002.p3.F7.fa",1," 1"
"955","p3.F8","001.p3.F8.fa",1," 1"
"956","p3.G1","012.p3.G1.fa",1," 1"
"957","p3.G12","037.p3.G12.fa",1," 1"
"958","p3.G2","013.p3.G2.fa",1," 1"
"959","p3.G3","029.p3.G3.fa",1," 1"
"960","p3.G4","280.p3.G4.fa",1," 1"
"961","p3.G5","038.p3.G5.fa",1," 1"
"962","p3.G6","026.p3.G6.fa",1," 1"
"963","p3.G7","018.p3.G7.fa",1," 1"
"964","p3.G8","001.p3.G8.fa",1," 1"
"965","p3.G9","051.p3.G9.fa",1," 1"
"966","p3.H1","008.p3.H1.fa",1," 1"
"967","p3.H2","008.p3.H2.fa",1," 1"
"968","p3.H5","006.p3.H5.fa",1," 1"
"969","p3.H6","024.p3.H6.fa",1," 1"
"970","p3.H7","003.p3.H7.fa",1," 1"
"971","p3.H8","017.p3.H8.fa",1," 1"
"972","p3.H9","001.p3.H9.fa",1," 1"
"973","p4.A1","075.p4.A1.fa",1," 1"
"974","p4.A10","019.p4.A10.fa",1," 1"
"975","p4.A11","012.p4.A11.fa",1," 1"
"976","p4.A2","065.p4.A2.fa",1," 1"
"977","p4.A5","029.p4.A5.fa",1," 1"
"978","p4.A6","009.p4.A6.fa",1," 1"
"979","p4.A9","013.p4.A9.fa",1," 1"
"980","p4.B1","037.p4.B1.fa",1," 1"
"981","p4.B10","041.p4.B10.fa",1," 1"
"982","p4.B11","016.p4.B11.fa",1," 1"
"983","p4.B2","013.p4.B2.fa",1," 1"
"984","p4.B3","014.p4.B3.fa",1," 1"
"985","p4.B7","152.p4.B7.fa",1," 1"
"986","p4.B8","047.p4.B8.fa",1," 1"
"987","p4.B9","003.p4.B9.fa",1," 1"
"988","p4.C1","018.p4.C1.fa",1," 1"
"989","p4.C10","032.p4.C10.fa",1," 1"
"990","p4.C11","002.p4.C11.fa",1," 1"
"991","p4.C2","025.p4.C2.fa",1," 1"
"992","p4.C3","030.p4.C3.fa",1," 1"
"993","p4.C7","016.p4.C7.fa",1," 1"
"994","p4.C8","025.p4.C8.fa",1," 1"
"995","p4.C9","001.p4.C9.fa",1," 1"
"996","p4.D1","022.p4.D1.fa",1," 1"
"997","p4.D10","005.p4.D10.fa",1," 1"
"998","p4.D2","023.p4.D2.fa",1," 1"
"999","p4.D3","012.p4.D3.fa",1," 1"
"1000","p4.D6","018.p4.D6.fa",1," 1"
"1001","p4.D8","033.p4.D8.fa",1," 1"
"1002","p4.D9","038.p4.D9.fa",1," 1"
"1003","p4.E1","024.p4.E1.fa",1," 1"
"1004","p4.E4","001.p4.E4.fa",1," 1"
"1005","p4.E5","161.p4.E5.fa",1," 1"
"1006","p4.E6","023.p4.E6.fa",1," 1"
"1007","p4.E8","019.p4.E8.fa",1," 1"
"1008","p4.E9","012.p4.E9.fa",1," 1"
"1009","p4.F1","043.p4.F1.fa",1," 1"
"1010","p4.F10","010.p4.F10.fa",1," 1"
"1011","p4.F11","042.p4.F11.fa",1," 1"
"1012","p4.F12","013.p4.F12.fa",1," 1"
"1013","p4.F2","041.p4.F2.fa",1," 1"
"1014","p4.F3","013.p4.F3.fa",1," 1"
"1015","p4.F4","018.p4.F4.fa",1," 1"
"1016","p4.F5","050.p4.F5.fa",1," 1"
"1017","p4.F9","023.p4.F9.fa",1," 1"
"1019","p4.G4","001.p4.G4.fa",1," 1"
"1020","p4.G8","019.p4.G8.fa",1," 1"
"1021","p4.G9","001.p4.G9.fa",1," 1"
"1023","p4.H4","001.p4.H4.fa",1," 1"
"1025","p4.H8","001.p4.H8.fa",1," 1"
"1026","p4.H9","046.p4.H9.fa",1," 1"
"1027","p5.A1","039.p5.A1.fa",1," 1"
"1028","p5.A10","001.p5.A10.fa",1," 1"
"1029","p5.A11","069.p5.A11.fa",1," 1"
"1030","p5.A12","022.p5.A12.fa",1," 1"
"1031","p5.A2","001.p5.A2.fa",1," 1"
"1032","p5.A3","003.p5.A3.fa",1," 1"
"1033","p5.A4","035.p5.A4.fa",1," 1"
"1035","p5.A6","025.p5.A6.fa",1," 1"
"1036","p5.A7","009.p5.A7.fa",1," 1"
"1037","p5.A8","001.p5.A8.fa",1," 1"
"1038","p5.A9","054.p5.A9.fa",1," 1"
"1039","p5.B1","001.p5.B1.fa",1," 1"
"1040","p5.B10","058.p5.B10.fa",1," 1"
"1041","p5.B11","001.p5.B11.fa",1," 1"
"1042","p5.B2","040.p5.B2.fa",1," 1"
"1043","p5.B3","015.p5.B3.fa",1," 1"
"1044","p5.B4","002.p5.B4.fa",1," 1"
"1045","p5.B5","019.p5.B5.fa",1," 1"
"1046","p5.B6","033.p5.B6.fa",1," 1"
"1047","p5.B7","037.p5.B7.fa",1," 1"
"1048","p5.B8","048.p5.B8.fa",1," 1"
"1049","p5.B9","055.p5.B9.fa",1," 1"
"1050","p5.C1","009.p5.C1.fa",1," 1"
"1051","p5.C10","003.p5.C10.fa",1," 1"
"1052","p5.C2","001.p5.C2.fa",1," 1"
"1053","p5.C3","017.p5.C3.fa",1," 1"
"1055","p5.C5","054.p5.C5.fa",1," 1"
"1056","p5.C6","013.p5.C6.fa",1," 1"
"1057","p5.C7","005.p5.C7.fa",1," 1"
"1058","p5.C8","041.p5.C8.fa",1," 1"
"1059","p5.C9","020.p5.C9.fa",1," 1"
"1060","p5.D1","050.p5.D1.fa",1," 1"
"1061","p5.D10","002.p5.D10.fa",1," 1"
"1062","p5.D12","026.p5.D12.fa",1," 1"
"1063","p5.D2","013.p5.D2.fa",1," 1"
"1064","p5.D3","035.p5.D3.fa",1," 1"
"1065","p5.D4","004.p5.D4.fa",1," 1"
"1066","p5.D5","019.p5.D5.fa",1," 1"
"1067","p5.D6","007.p5.D6.fa",1," 1"
"1068","p5.D7","001.p5.D7.fa",1," 1"
"1069","p5.D8","020.p5.D8.fa",1," 1"
"1070","p5.D9","027.p5.D9.fa",1," 1"
"1071","p5.E1","001.p5.E1.fa",1," 1"
"1072","p5.E10","001.p5.E10.fa",1," 1"
"1073","p5.E11","039.p5.E11.fa",1," 1"
"1074","p5.E12","015.p5.E12.fa",1," 1"
"1075","p5.E2","015.p5.E2.fa",1," 1"
"1076","p5.E3","039.p5.E3.fa",1," 1"
"1077","p5.E4","005.p5.E4.fa",1," 1"
"1078","p5.E6","049.p5.E6.fa",1," 1"
"1079","p5.E7","033.p5.E7.fa",1," 1"
"1080","p5.E8","034.p5.E8.fa",1," 1"
"1081","p5.E9","003.p5.E9.fa",1," 1"
"1082","p5.F1","055.p5.F1.fa",1," 1"
"1083","p5.F10","011.p5.F10.fa",1," 1"
"1084","p5.F11","029.p5.F11.fa",1," 1"
"1085","p5.F3","025.p5.F3.fa",1," 1"
"1086","p5.F4","044.p5.F4.fa",1," 1"
"1087","p5.F5","059.p5.F5.fa",1," 1"
"1088","p5.F6","009.p5.F6.fa",1," 1"
"1089","p5.F7","002.p5.F7.fa",1," 1"
"1090","p5.F8","016.p5.F8.fa",1," 1"
"1091","p5.F9","003.p5.F9.fa",1," 1"
"1092","p5.G1","038.p5.G1.fa",1," 1"
"1093","p5.G11","075.p5.G11.fa",1," 1"
"1094","p5.G12","032.p5.G12.fa",1," 1"
"1095","p5.G2","018.p5.G2.fa",1," 1"
"1096","p5.G3","005.p5.G3.fa",1," 1"
"1097","p5.G4","001.p5.G4.fa",1," 1"
"1098","p5.G5","020.p5.G5.fa",1," 1"
"1099","p5.G6","025.p5.G6.fa",1," 1"
"1100","p5.G7","025.p5.G7.fa",1," 1"
"1101","p5.G8","001.p5.G8.fa",1," 1"
"1102","p5.G9","025.p5.G9.fa",1," 1"
"1103","p5.H1","018.p5.H1.fa",1," 1"
"1104","p5.H11","037.p5.H11.fa",1," 1"
"1105","p5.H2","035.p5.H2.fa",1," 1"
"1106","p5.H4","001.p5.H4.fa",1," 1"
"1107","p5.H5","022.p5.H5.fa",1," 1"
"1108","p5.H6","051.p5.H6.fa",1," 1"
"1109","p5.H7","002.p5.H7.fa",1," 1"
"1110","p5.H8","002.p5.H8.fa",1," 1"
"1111","p5.H9","021.p5.H9.fa",1," 1"
"1112","p6.A1","044.p6.A1.fa",1," 1"
"1113","p6.A10","041.p6.A10.fa",1," 1"
"1114","p6.A11","016.p6.A11.fa",1," 1"
"1115","p6.A5","330.p6.A5.fa",1," 1"
"1116","p6.A6","021.p6.A6.fa",1," 1"
"1117","p6.A7","054.p6.A7.fa",1," 1"
"1118","p6.A8","021.p6.A8.fa",1," 1"
"1119","p6.A9","023.p6.A9.fa",1," 1"
"1120","p6.B1","017.p6.B1.fa",1," 1"
"1121","p6.B10","060.p6.B10.fa",1," 1"
"1122","p6.B11","004.p6.B11.fa",1," 1"
"1123","p6.B2","004.p6.B2.fa",1," 1"
"1124","p6.B3","114.p6.B3.fa",1," 1"
"1125","p6.B6","156.p6.B6.fa",1," 1"
"1126","p6.B7","002.p6.B7.fa",1," 1"
"1127","p6.B8","048.p6.B8.fa",1," 1"
"1128","p6.B9","013.p6.B9.fa",1," 1"
"1129","p6.C1","040.p6.C1.fa",1," 1"
"1130","p6.C10","047.p6.C10.fa",1," 1"
"1131","p6.C11","011.p6.C11.fa",1," 1"
"1132","p6.C2","021.p6.C2.fa",1," 1"
"1133","p6.C3","040.p6.C3.fa",1," 1"
"1134","p6.C6","008.p6.C6.fa",1," 1"
"1135","p6.C7","013.p6.C7.fa",1," 1"
"1136","p6.C8","001.p6.C8.fa",1," 1"
"1137","p6.C9","001.p6.C9.fa",1," 1"
"1138","p6.D1","032.p6.D1.fa",1," 1"
"1139","p6.D11","053.p6.D11.fa",1," 1"
"1140","p6.D2","023.p6.D2.fa",1," 1"
"1141","p6.D3","040.p6.D3.fa",1," 1"
"1142","p6.D4","418.p6.D4.fa",1," 1"
"1143","p6.D5","001.p6.D5.fa",1," 1"
"1144","p6.D6","026.p6.D6.fa",1," 1"
"1145","p6.D7","031.p6.D7.fa",1," 1"
"1146","p6.D8","019.p6.D8.fa",1," 1"
"1147","p6.D9","012.p6.D9.fa",1," 1"
"1148","p6.E1","023.p6.E1.fa",1," 1"
"1149","p6.E10","002.p6.E10.fa",1," 1"
"1150","p6.E2","047.p6.E2.fa",1," 1"
"1151","p6.E3","297.p6.E3.fa",1," 1"
"1152","p6.E4","027.p6.E4.fa",1," 1"
"1153","p6.E6","026.p6.E6.fa",1," 1"
"1154","p6.E7","005.p6.E7.fa",1," 1"
"1155","p6.E8","020.p6.E8.fa",1," 1"
"1156","p6.F10","006.p6.F10.fa",1," 1"
"1157","p6.F11","008.p6.F11.fa",1," 1"
"1158","p6.F12","034.p6.F12.fa",1," 1"
"1159","p6.F2","041.p6.F2.fa",1," 1"
"1160","p6.F3","033.p6.F3.fa",1," 1"
"1161","p6.F4","028.p6.F4.fa",1," 1"
"1162","p6.F5","014.p6.F5.fa",1," 1"
"1163","p6.F8","063.p6.F8.fa",1," 1"
"1164","p6.F9","020.p6.F9.fa",1," 1"
"1168","p6.G4","001.p6.G4.fa",1," 1"
"1169","p6.G5","058.p6.G5.fa",1," 1"
"1170","p6.G8","001.p6.G8.fa",1," 1"
"1171","p6.G9","049.p6.G9.fa",1," 1"
"1172","p6.H1","029.p6.H1.fa",1," 1"
"1173","p6.H10","046.p6.H10.fa",1," 1"
"1174","p6.H11","014.p6.H11.fa",1," 1"
"1175","p6.H6","030.p6.H6.fa",1," 1"
"1176","p6.H7","040.p6.H7.fa",1," 1"
"1177","p6.H8","073.p6.H8.fa",1," 1"
"1178","p6.H9","051.p6.H9.fa",1," 1"
"1179","p7.A1","076.p7.A1.fa",1," 1"
"1180","p7.A10","031.p7.A10.fa",1," 1"
"1181","p7.A11","090.p7.A11.fa",1," 1"
"1182","p7.A12","017.p7.A12.fa",1," 1"
"1183","p7.A2","066.p7.A2.fa",1," 1"
"1184","p7.A3","063.p7.A3.fa",1," 1"
"1185","p7.A4","089.p7.A4.fa",1," 1"
"1186","p7.A5","013.p7.A5.fa",1," 1"
"1187","p7.A6","019.p7.A6.fa",1," 1"
"1188","p7.A7","026.p7.A7.fa",1," 1"
"1189","p7.A8","034.p7.A8.fa",1," 1"
"1190","p7.B1","001.p7.B1.fa",1," 1"
"1191","p7.B10","063.p7.B10.fa",1," 1"
"1192","p7.B11","074.p7.B11.fa",1," 1"
"1193","p7.B2","001.p7.B2.fa",1," 1"
"1194","p7.B3","057.p7.B3.fa",1," 1"
"1195","p7.B4","071.p7.B4.fa",1," 1"
"1196","p7.B5","066.p7.B5.fa",1," 1"
"1197","p7.B6","010.p7.B6.fa",1," 1"
"1198","p7.B7","012.p7.B7.fa",1," 1"
"1199","p7.B8","025.p7.B8.fa",1," 1"
"1200","p7.C1","031.p7.C1.fa",1," 1"
"1201","p7.C12","113.p7.C12.fa",1," 1"
"1202","p7.C2","023.p7.C2.fa",1," 1"
"1203","p7.C3","061.p7.C3.fa",1," 1"
"1204","p7.C4","010.p7.C4.fa",1," 1"
"1205","p7.C5","043.p7.C5.fa",1," 1"
"1206","p7.C6","052.p7.C6.fa",1," 1"
"1207","p7.C7","016.p7.C7.fa",1," 1"
"1208","p7.C8","022.p7.C8.fa",1," 1"
"1209","p7.C9","031.p7.C9.fa",1," 1"
"1210","p7.D1","081.p7.D1.fa",1," 1"
"1211","p7.D10","064.p7.D10.fa",1," 1"
"1212","p7.D12","013.p7.D12.fa",1," 1"
"1213","p7.D2","020.p7.D2.fa",1," 1"
"1214","p7.D3","026.p7.D3.fa",1," 1"
"1215","p7.D4","027.p7.D4.fa",1," 1"
"1216","p7.D5","012.p7.D5.fa",1," 1"
"1217","p7.D6","027.p7.D6.fa",1," 1"
"1218","p7.D7","062.p7.D7.fa",1," 1"
"1219","p7.D8","009.p7.D8.fa",1," 1"
"1220","p7.D9","064.p7.D9.fa",1," 1"
"1221","p7.E1","037.p7.E1.fa",1," 1"
"1222","p7.E10","035.p7.E10.fa",1," 1"
"1223","p7.E11","025.p7.E11.fa",1," 1"
"1224","p7.E12","064.p7.E12.fa",1," 1"
"1225","p7.E3","077.p7.E3.fa",1," 1"
"1226","p7.E4","034.p7.E4.fa",1," 1"
"1227","p7.E5","064.p7.E5.fa",1," 1"
"1228","p7.E6","008.p7.E6.fa",1," 1"
"1229","p7.E7","076.p7.E7.fa",1," 1"
"1230","p7.E8","014.p7.E8.fa",1," 1"
"1231","p7.E9","082.p7.E9.fa",1," 1"
"1232","p7.F1","025.p7.F1.fa",1," 1"
"1233","p7.F10","019.p7.F10.fa",1," 1"
"1234","p7.F12","055.p7.F12.fa",1," 1"
"1236","p7.F3","054.p7.F3.fa",1," 1"
"1237","p7.F4","039.p7.F4.fa",1," 1"
"1238","p7.F5","006.p7.F5.fa",1," 1"
"1239","p7.F6","026.p7.F6.fa",1," 1"
"1240","p7.F7","004.p7.F7.fa",1," 1"
"1241","p7.F9","083.p7.F9.fa",1," 1"
"1242","p7.G1","043.p7.G1.fa",1," 1"
"1243","p7.G11","059.p7.G11.fa",1," 1"
"1244","p7.G2","016.p7.G2.fa",1," 1"
"1245","p7.G3","016.p7.G3.fa",1," 1"
"1246","p7.G4","119.p7.G4.fa",1," 1"
"1247","p7.G5","065.p7.G5.fa",1," 1"
"1248","p7.G6","037.p7.G6.fa",1," 1"
"1249","p7.G7","027.p7.G7.fa",1," 1"
"1250","p7.G8","035.p7.G8.fa",1," 1"
"1251","p7.H1","062.p7.H1.fa",1," 1"
"1252","p7.H10","013.p7.H10.fa",1," 1"
"1253","p7.H11","072.p7.H11.fa",1," 1"
"1254","p7.H2","104.p7.H2.fa",1," 1"
"1255","p7.H3","076.p7.H3.fa",1," 1"
"1256","p7.H4","039.p7.H4.fa",1," 1"
"1257","p7.H5","060.p7.H5.fa",1," 1"
"1258","p7.H6","030.p7.H6.fa",1," 1"
"1259","p7.H7","014.p7.H7.fa",1," 1"
"1260","p7.H8","072.p7.H8.fa",1," 1"
"1261","p8.A1","027.p8.A1.fa",1," 1"
"1262","p8.A10","085.p8.A10.fa",1," 1"
"1263","p8.A11","109.p8.A11.fa",1," 1"
"1265","p8.A5","030.p8.A5.fa",1," 1"
"1266","p8.A7","040.p8.A7.fa",1," 1"
"1267","p8.A9","008.p8.A9.fa",1," 1"
"1268","p8.B2","026.p8.B2.fa",1," 1"
"1269","p8.B3","056.p8.B3.fa",1," 1"
"1270","p8.B5","025.p8.B5.fa",1," 1"
"1271","p8.B6","001.p8.B6.fa",1," 1"
"1272","p8.B7","049.p8.B7.fa",1," 1"
"1273","p8.B8","001.p8.B8.fa",1," 1"
"1274","p8.B9","005.p8.B9.fa",1," 1"
"1275","p8.C1","016.p8.C1.fa",1," 1"
"1276","p8.C2","029.p8.C2.fa",1," 1"
"1277","p8.C3","037.p8.C3.fa",1," 1"
"1278","p8.C4","047.p8.C4.fa",1," 1"
"1279","p8.C6","005.p8.C6.fa",1," 1"
"1280","p8.C7","001.p8.C7.fa",1," 1"
"1281","p8.C8","001.p8.C8.fa",1," 1"
"1282","p8.C9","092.p8.C9.fa",1," 1"
"1283","p8.D1","091.p8.D1.fa",1," 1"
"1285","p8.D2","076.p8.D2.fa",1," 1"
"1286","p8.D5","038.p8.D5.fa",1," 1"
"1287","p8.D6","025.p8.D6.fa",1," 1"
"1288","p8.D8","014.p8.D8.fa",1," 1"
"1289","p8.D9","047.p8.D9.fa",1," 1"
"1290","p8.E1","070.p8.E1.fa",1," 1"
"1291","p8.E10","005.p8.E10.fa",1," 1"
"1292","p8.E2","001.p8.E2.fa",1," 1"
"1293","p8.E4","071.p8.E4.fa",1," 1"
"1294","p8.E5","088.p8.E5.fa",1," 1"
"1295","p8.E6","061.p8.E6.fa",1," 1"
"1296","p8.E7","070.p8.E7.fa",1," 1"
"1297","p8.E8","029.p8.E8.fa",1," 1"
"1298","p8.E9","078.p8.E9.fa",1," 1"
"1299","p8.F1","090.p8.F1.fa",1," 1"
"1300","p8.F10","045.p8.F10.fa",1," 1"
"1301","p8.F11","040.p8.F11.fa",1," 1"
"1302","p8.F12","045.p8.F12.fa",1," 1"
"1303","p8.F2","087.p8.F2.fa",1," 1"
"1304","p8.F3","051.p8.F3.fa",1," 1"
"1305","p8.F4","021.p8.F4.fa",1," 1"
"1306","p8.F5","041.p8.F5.fa",1," 1"
"1307","p8.F8","053.p8.F8.fa",1," 1"
"1309","p8.G3","036.p8.G3.fa",1," 1"
"1312","p8.G6","025.p8.G6.fa",1," 1"
"1313","p8.G7","001.p8.G7.fa",1," 1"
"1316","p8.H4","101.p8.H4.fa",1," 1"
"1319","p8.H7","041.p8.H7.fa",1," 1"
"1320","p8.H8","064.p8.H8.fa",1," 1"
"1321","p9.A1","001.p9.A1.fa",1," 1"
"1322","p9.A10","001.p9.A10.fa",1," 1"
"1323","p9.A11","077.p9.A11.fa",1," 1"
"1324","p9.A2","001.p9.A2.fa",1," 1"
"1325","p9.A3","062.p9.A3.fa",1," 1"
"1326","p9.A4","053.p9.A4.fa",1," 1"
"1327","p9.A5","011.p9.A5.fa",1," 1"
"1328","p9.A6","052.p9.A6.fa",1," 1"
"1329","p9.A7","059.p9.A7.fa",1," 1"
"1330","p9.A8","092.p9.A8.fa",1," 1"
"1331","p9.A9","027.p9.A9.fa",1," 1"
"1332","p9.B1","070.p9.B1.fa",1," 1"
"1333","p9.B10","001.p9.B10.fa",1," 1"
"1334","p9.B11","079.p9.B11.fa",1," 1"
"1335","p9.B12","100.p9.B12.fa",1," 1"
"1336","p9.B2","027.p9.B2.fa",1," 1"
"1337","p9.B3","172.p9.B3.fa",1," 1"
"1338","p9.B4","065.p9.B4.fa",1," 1"
"1339","p9.B5","027.p9.B5.fa",1," 1"
"1340","p9.B6","052.p9.B6.fa",1," 1"
"1341","p9.B7","061.p9.B7.fa",1," 1"
"1342","p9.B8","027.p9.B8.fa",1," 1"
"1343","p9.B9","067.p9.B9.fa",1," 1"
"1344","p9.C1","018.p9.C1.fa",1," 1"
"1345","p9.C10","049.p9.C10.fa",1," 1"
"1346","p9.C11","048.p9.C11.fa",1," 1"
"1347","p9.C12","084.p9.C12.fa",1," 1"
"1348","p9.C2","393.p9.C2.fa",1," 1"
"1349","p9.C3","001.p9.C3.fa",1," 1"
"1350","p9.C5","033.p9.C5.fa",1," 1"
"1351","p9.C6","034.p9.C6.fa",1," 1"
"1352","p9.C7","014.p9.C7.fa",1," 1"
"1353","p9.C8","048.p9.C8.fa",1," 1"
"1354","p9.C9","004.p9.C9.fa",1," 1"
"1355","p9.D1","029.p9.D1.fa",1," 1"
"1356","p9.D12","100.p9.D12.fa",1," 1"
"1357","p9.D2","049.p9.D2.fa",1," 1"
"1358","p9.D3","531.p9.D3.fa",1," 1"
"1360","p9.D5","025.p9.D5.fa",1," 1"
"1361","p9.D6","027.p9.D6.fa",1," 1"
"1362","p9.D7","051.p9.D7.fa",1," 1"
"1363","p9.D8","005.p9.D8.fa",1," 1"
"1364","p9.D9","020.p9.D9.fa",1," 1"
"1365","p9.E1","073.p9.E1.fa",1," 1"
"1366","p9.E10","056.p9.E10.fa",1," 1"
"1367","p9.E11","024.p9.E11.fa",1," 1"
"1368","p9.E2","025.p9.E2.fa",1," 1"
"1369","p9.E3","033.p9.E3.fa",1," 1"
"1370","p9.E4","023.p9.E4.fa",1," 1"
"1371","p9.E5","027.p9.E5.fa",1," 1"
"1372","p9.E6","015.p9.E6.fa",1," 1"
"1373","p9.E7","001.p9.E7.fa",1," 1"
"1374","p9.E8","016.p9.E8.fa",1," 1"
"1375","p9.E9","005.p9.E9.fa",1," 1"
"1376","p9.F1","060.p9.F1.fa",1," 1"
"1377","p9.F10","025.p9.F10.fa",1," 1"
"1378","p9.F11","064.p9.F11.fa",1," 1"
"1379","p9.F2","020.p9.F2.fa",1," 1"
"1380","p9.F3","032.p9.F3.fa",1," 1"
"1381","p9.F4","057.p9.F4.fa",1," 1"
"1382","p9.F5","035.p9.F5.fa",1," 1"
"1383","p9.F6","018.p9.F6.fa",1," 1"
"1384","p9.F7","005.p9.F7.fa",1," 1"
"1385","p9.F8","015.p9.F8.fa",1," 1"
"1386","p9.F9","079.p9.F9.fa",1," 1"
"1387","p9.G1","067.p9.G1.fa",1," 1"
"1388","p9.G10","030.p9.G10.fa",1," 1"
"1389","p9.G12","044.p9.G12.fa",1," 1"
"1390","p9.G2","059.p9.G2.fa",1," 1"
"1391","p9.G3","015.p9.G3.fa",1," 1"
"1392","p9.G4","001.p9.G4.fa",1," 1"
"1393","p9.G5","043.p9.G5.fa",1," 1"
"1394","p9.G6","025.p9.G6.fa",1," 1"
"1395","p9.G7","031.p9.G7.fa",1," 1"
"1396","p9.G8","004.p9.G8.fa",1," 1"
"1397","p9.H1","010.p9.H1.fa",1," 1"
"1399","p9.H2","328.p9.H2.fa",1," 1"
"1400","p9.H3","089.p9.H3.fa",1," 1"
"1401","p9.H4","113.p9.H4.fa",1," 1"
"1402","p9.H5","061.p9.H5.fa",1," 1"
"1403","p9.H6","015.p9.H6.fa",1," 1"
"1404","p9.H7","050.p9.H7.fa",1," 1"
